Class,Index
6,0
7,1
10,2
8,3
4,4
10,5
13,6
10,7
9,8
9,9
8,10
6,11
3,12
10,13
1,14
6,15
7,16
10,17
8,18
7,19
12,20
11,21
8,22
8,23
9,24
11,25
16,26
13,27
13,28
9,29
9,30
6,31
2,32
10,33
5,34
8,35
16,36
10,37
12,38
12,39
10,40
9,41
7,42
7,43
9,44
11,45
12,46
9,47
16,48
3,49
6,50
12,51
9,52
10,53
3,54
9,55
8,56
9,57
3,58
11,59
10,60
8,61
13,62
13,63
5,64
10,65
10,66
12,67
2,68
10,69
13,70
9,71
12,72
6,73
10,74
11,75
7,76
10,77
12,78
10,79
15,80
9,81
7,82
13,83
8,84
2,85
5,86
14,87
9,88
10,89
13,90
8,91
9,92
2,93
10,94
3,95
10,96
10,97
8,98
9,99
9,100
16,101
9,102
9,103
10,104
11,105
16,106
9,107
7,108
10,109
4,110
8,111
10,112
16,113
10,114
5,115
8,116
5,117
11,118
8,119
4,120
2,121
9,122
8,123
15,124
12,125
10,126
13,127
6,128
7,129
10,130
6,131
13,132
7,133
9,134
13,135
15,136
12,137
2,138
6,139
3,140
8,141
12,142
16,143
10,144
3,145
8,146
12,147
12,148
13,149
8,150
10,151
3,152
10,153
10,154
4,155
6,156
3,157
8,158
12,159
11,160
11,161
10,162
6,163
12,164
10,165
2,166
10,167
11,168
4,169
9,170
6,171
8,172
12,173
8,174
12,175
5,176
10,177
9,178
12,179
6,180
7,181
13,182
9,183
5,184
9,185
4,186
14,187
2,188
11,189
13,190
13,191
10,192
8,193
10,194
5,195
14,196
17,197
10,198
7,199
8,200
8,201
13,202
11,203
6,204
12,205
15,206
10,207
13,208
10,209
0,210
7,211
8,212
3,213
16,214
15,215
5,216
6,217
3,218
9,219
6,220
10,221
7,222
13,223
10,224
8,225
16,226
7,227
15,228
9,229
15,230
5,231
8,232
15,233
0,234
8,235
5,236
13,237
5,238
0,239
6,240
7,241
8,242
10,243
7,244
16,245
10,246
8,247
10,248
10,249
9,250
7,251
11,252
4,253
10,254
8,255
13,256
7,257
10,258
6,259
10,260
3,261
3,262
9,263
8,264
1,265
6,266
11,267
13,268
11,269
12,270
4,271
10,272
0,273
10,274
10,275
5,276
3,277
9,278
6,279
16,280
11,281
0,282
8,283
12,284
6,285
5,286
11,287
6,288
1,289
3,290
9,291
9,292
9,293
11,294
10,295
9,296
6,297
7,298
16,299
7,300
10,301
9,302
3,303
9,304
13,305
8,306
12,307
9,308
16,309
8,310
10,311
9,312
17,313
13,314
15,315
12,316
10,317
7,318
12,319
8,320
3,321
10,322
13,323
10,324
16,325
9,326
12,327
10,328
9,329
2,330
8,331
2,332
8,333
10,334
13,335
12,336
12,337
13,338
9,339
10,340
10,341
10,342
6,343
16,344
11,345
9,346
13,347
8,348
10,349
9,350
15,351
6,352
11,353
9,354
6,355
10,356
6,357
12,358
8,359
9,360
5,361
2,362
15,363
2,364
8,365
11,366
6,367
3,368
15,369
12,370
12,371
10,372
7,373
6,374
0,375
9,376
13,377
10,378
7,379
8,380
3,381
2,382
11,383
11,384
0,385
10,386
6,387
4,388
14,389
9,390
13,391
9,392
11,393
8,394
3,395
3,396
2,397
9,398
1,399
13,400
8,401
13,402
8,403
3,404
2,405
15,406
1,407
10,408
5,409
10,410
13,411
3,412
10,413
1,414
12,415
9,416
7,417
11,418
8,419
8,420
10,421
10,422
12,423
7,424
14,425
8,426
9,427
3,428
10,429
10,430
0,431
11,432
9,433
6,434
9,435
16,436
5,437
3,438
8,439
5,440
9,441
11,442
10,443
12,444
10,445
10,446
2,447
10,448
8,449
4,450
5,451
12,452
9,453
12,454
10,455
10,456
13,457
3,458
2,459
6,460
13,461
10,462
7,463
10,464
10,465
8,466
12,467
17,468
10,469
13,470
10,471
6,472
10,473
5,474
10,475
10,476
7,477
13,478
7,479
12,480
6,481
6,482
3,483
16,484
9,485
6,486
9,487
11,488
5,489
0,490
3,491
11,492
5,493
6,494
11,495
8,496
11,497
10,498
11,499
11,500
12,501
10,502
13,503
8,504
11,505
10,506
16,507
9,508
6,509
14,510
8,511
6,512
3,513
14,514
13,515
10,516
12,517
15,518
8,519
10,520
11,521
6,522
2,523
10,524
2,525
3,526
11,527
2,528
2,529
12,530
3,531
5,532
8,533
10,534
16,535
11,536
15,537
12,538
7,539
10,540
10,541
8,542
1,543
11,544
7,545
13,546
4,547
7,548
10,549
3,550
10,551
7,552
1,553
13,554
10,555
10,556
11,557
3,558
10,559
9,560
7,561
9,562
9,563
11,564
8,565
3,566
10,567
8,568
10,569
10,570
13,571
10,572
12,573
9,574
6,575
8,576
14,577
12,578
10,579
12,580
9,581
9,582
6,583
8,584
6,585
7,586
6,587
13,588
13,589
9,590
13,591
10,592
13,593
8,594
9,595
13,596
14,597
13,598
3,599
10,600
13,601
9,602
12,603
7,604
9,605
2,606
16,607
1,608
13,609
9,610
16,611
0,612
9,613
5,614
3,615
9,616
5,617
8,618
12,619
7,620
7,621
12,622
16,623
9,624
7,625
8,626
7,627
9,628
8,629
3,630
12,631
9,632
10,633
5,634
10,635
6,636
7,637
10,638
8,639
6,640
2,641
8,642
8,643
5,644
8,645
12,646
14,647
9,648
5,649
12,650
10,651
2,652
7,653
8,654
12,655
5,656
14,657
6,658
12,659
7,660
10,661
13,662
10,663
10,664
9,665
12,666
5,667
12,668
10,669
6,670
16,671
7,672
12,673
7,674
7,675
3,676
5,677
8,678
13,679
2,680
11,681
3,682
8,683
8,684
13,685
12,686
8,687
13,688
1,689
10,690
9,691
6,692
13,693
10,694
0,695
6,696
16,697
11,698
10,699
12,700
9,701
13,702
10,703
10,704
10,705
9,706
6,707
6,708
7,709
7,710
10,711
13,712
10,713
9,714
10,715
11,716
13,717
7,718
3,719
16,720
9,721
13,722
8,723
14,724
12,725
14,726
4,727
8,728
12,729
3,730
10,731
8,732
7,733
12,734
10,735
9,736
12,737
12,738
0,739
2,740
16,741
6,742
2,743
10,744
9,745
13,746
12,747
1,748
15,749
10,750
8,751
12,752
16,753
16,754
8,755
8,756
7,757
9,758
7,759
8,760
10,761
9,762
9,763
9,764
6,765
8,766
13,767
2,768
10,769
9,770
7,771
2,772
12,773
11,774
8,775
12,776
13,777
16,778
11,779
12,780
6,781
10,782
5,783
5,784
6,785
10,786
7,787
10,788
11,789
16,790
6,791
10,792
7,793
8,794
9,795
9,796
16,797
9,798
10,799
6,800
8,801
13,802
8,803
14,804
12,805
5,806
13,807
9,808
9,809
6,810
12,811
3,812
10,813
16,814
7,815
10,816
3,817
10,818
8,819
11,820
8,821
10,822
14,823
9,824
7,825
10,826
11,827
7,828
10,829
9,830
11,831
10,832
12,833
8,834
8,835
10,836
2,837
4,838
9,839
12,840
16,841
7,842
2,843
12,844
9,845
12,846
17,847
2,848
11,849
12,850
14,851
11,852
9,853
5,854
6,855
3,856
10,857
2,858
10,859
9,860
9,861
11,862
10,863
11,864
9,865
10,866
17,867
9,868
10,869
6,870
11,871
7,872
10,873
16,874
8,875
10,876
5,877
16,878
10,879
0,880
10,881
2,882
8,883
5,884
2,885
7,886
9,887
13,888
2,889
13,890
8,891
6,892
8,893
11,894
9,895
16,896
12,897
16,898
3,899
12,900
6,901
8,902
6,903
8,904
5,905
13,906
7,907
13,908
2,909
11,910
4,911
8,912
6,913
10,914
10,915
12,916
10,917
4,918
11,919
9,920
10,921
13,922
10,923
6,924
10,925
12,926
6,927
8,928
10,929
2,930
10,931
8,932
0,933
4,934
10,935
10,936
9,937
10,938
6,939
6,940
10,941
6,942
9,943
3,944
9,945
9,946
10,947
10,948
6,949
8,950
10,951
9,952
8,953
9,954
10,955
6,956
8,957
14,958
6,959
9,960
11,961
9,962
13,963
10,964
16,965
12,966
10,967
10,968
10,969
5,970
4,971
9,972
12,973
7,974
7,975
9,976
13,977
8,978
12,979
12,980
17,981
10,982
0,983
3,984
10,985
8,986
9,987
6,988
10,989
13,990
11,991
3,992
10,993
6,994
8,995
12,996
6,997
10,998
8,999
7,1000
7,1001
9,1002
10,1003
8,1004
7,1005
8,1006
4,1007
6,1008
9,1009
6,1010
10,1011
12,1012
10,1013
16,1014
10,1015
13,1016
12,1017
12,1018
6,1019
9,1020
5,1021
10,1022
12,1023
11,1024
10,1025
10,1026
13,1027
8,1028
4,1029
3,1030
10,1031
10,1032
8,1033
15,1034
9,1035
6,1036
7,1037
8,1038
3,1039
9,1040
14,1041
16,1042
5,1043
8,1044
10,1045
5,1046
13,1047
9,1048
8,1049
12,1050
11,1051
8,1052
1,1053
10,1054
9,1055
6,1056
10,1057
9,1058
11,1059
6,1060
3,1061
8,1062
9,1063
10,1064
3,1065
13,1066
7,1067
10,1068
13,1069
8,1070
6,1071
12,1072
9,1073
10,1074
11,1075
7,1076
10,1077
12,1078
11,1079
12,1080
11,1081
8,1082
13,1083
6,1084
8,1085
10,1086
1,1087
13,1088
10,1089
3,1090
13,1091
8,1092
13,1093
13,1094
11,1095
11,1096
8,1097
9,1098
12,1099
6,1100
12,1101
5,1102
11,1103
14,1104
10,1105
8,1106
13,1107
8,1108
9,1109
10,1110
5,1111
6,1112
16,1113
4,1114
3,1115
8,1116
7,1117
7,1118
10,1119
9,1120
2,1121
10,1122
6,1123
12,1124
6,1125
10,1126
3,1127
9,1128
7,1129
8,1130
10,1131
3,1132
8,1133
2,1134
7,1135
2,1136
16,1137
7,1138
9,1139
8,1140
6,1141
9,1142
3,1143
11,1144
10,1145
8,1146
8,1147
8,1148
13,1149
6,1150
9,1151
6,1152
10,1153
13,1154
13,1155
13,1156
7,1157
2,1158
2,1159
8,1160
9,1161
12,1162
10,1163
13,1164
13,1165
10,1166
3,1167
8,1168
16,1169
5,1170
17,1171
10,1172
12,1173
8,1174
16,1175
9,1176
10,1177
8,1178
10,1179
2,1180
8,1181
10,1182
9,1183
10,1184
7,1185
12,1186
9,1187
11,1188
13,1189
10,1190
11,1191
10,1192
8,1193
10,1194
3,1195
0,1196
12,1197
10,1198
11,1199
8,1200
12,1201
15,1202
5,1203
6,1204
10,1205
13,1206
11,1207
13,1208
12,1209
7,1210
1,1211
3,1212
13,1213
8,1214
5,1215
9,1216
9,1217
7,1218
12,1219
10,1220
15,1221
5,1222
15,1223
6,1224
8,1225
5,1226
6,1227
9,1228
3,1229
9,1230
10,1231
5,1232
6,1233
13,1234
6,1235
9,1236
10,1237
10,1238
5,1239
0,1240
10,1241
3,1242
7,1243
12,1244
3,1245
12,1246
5,1247
3,1248
3,1249
11,1250
10,1251
10,1252
9,1253
12,1254
11,1255
13,1256
11,1257
7,1258
8,1259
12,1260
9,1261
13,1262
10,1263
8,1264
9,1265
12,1266
11,1267
10,1268
9,1269
11,1270
10,1271
9,1272
10,1273
10,1274
6,1275
12,1276
11,1277
12,1278
0,1279
10,1280
14,1281
2,1282
7,1283
16,1284
6,1285
10,1286
5,1287
6,1288
5,1289
11,1290
13,1291
11,1292
9,1293
5,1294
3,1295
13,1296
4,1297
16,1298
16,1299
13,1300
11,1301
12,1302
9,1303
9,1304
1,1305
13,1306
2,1307
10,1308
12,1309
9,1310
9,1311
1,1312
9,1313
7,1314
3,1315
1,1316
10,1317
10,1318
15,1319
3,1320
5,1321
10,1322
9,1323
9,1324
16,1325
13,1326
15,1327
9,1328
8,1329
12,1330
16,1331
11,1332
7,1333
8,1334
4,1335
10,1336
4,1337
12,1338
11,1339
13,1340
6,1341
6,1342
10,1343
9,1344
12,1345
3,1346
4,1347
10,1348
2,1349
16,1350
12,1351
10,1352
8,1353
12,1354
2,1355
7,1356
16,1357
10,1358
13,1359
11,1360
16,1361
10,1362
8,1363
6,1364
6,1365
10,1366
9,1367
8,1368
10,1369
10,1370
10,1371
10,1372
8,1373
9,1374
16,1375
9,1376
3,1377
15,1378
9,1379
12,1380
10,1381
6,1382
13,1383
9,1384
3,1385
9,1386
8,1387
10,1388
5,1389
5,1390
9,1391
16,1392
9,1393
10,1394
15,1395
8,1396
16,1397
2,1398
12,1399
8,1400
8,1401
8,1402
11,1403
9,1404
10,1405
12,1406
10,1407
8,1408
6,1409
6,1410
8,1411
2,1412
8,1413
13,1414
6,1415
13,1416
15,1417
6,1418
11,1419
3,1420
3,1421
8,1422
10,1423
9,1424
11,1425
9,1426
13,1427
13,1428
6,1429
12,1430
1,1431
0,1432
12,1433
9,1434
12,1435
2,1436
8,1437
7,1438
6,1439
17,1440
9,1441
10,1442
9,1443
9,1444
8,1445
10,1446
11,1447
7,1448
10,1449
3,1450
5,1451
11,1452
10,1453
11,1454
3,1455
8,1456
10,1457
3,1458
13,1459
3,1460
8,1461
6,1462
10,1463
7,1464
11,1465
6,1466
11,1467
12,1468
16,1469
8,1470
11,1471
12,1472
13,1473
5,1474
7,1475
7,1476
10,1477
6,1478
12,1479
10,1480
7,1481
8,1482
8,1483
4,1484
7,1485
16,1486
9,1487
8,1488
12,1489
2,1490
10,1491
17,1492
12,1493
13,1494
6,1495
9,1496
9,1497
10,1498
8,1499
6,1500
16,1501
9,1502
10,1503
11,1504
10,1505
10,1506
7,1507
9,1508
3,1509
12,1510
4,1511
7,1512
10,1513
13,1514
14,1515
10,1516
4,1517
4,1518
8,1519
3,1520
10,1521
3,1522
15,1523
2,1524
3,1525
9,1526
6,1527
6,1528
13,1529
9,1530
12,1531
8,1532
6,1533
3,1534
4,1535
14,1536
7,1537
11,1538
10,1539
8,1540
11,1541
10,1542
12,1543
6,1544
13,1545
9,1546
8,1547
7,1548
9,1549
10,1550
8,1551
2,1552
12,1553
3,1554
15,1555
5,1556
4,1557
8,1558
7,1559
12,1560
16,1561
6,1562
7,1563
6,1564
8,1565
6,1566
8,1567
6,1568
7,1569
9,1570
9,1571
10,1572
15,1573
6,1574
7,1575
2,1576
7,1577
8,1578
10,1579
8,1580
10,1581
10,1582
13,1583
12,1584
10,1585
8,1586
7,1587
12,1588
3,1589
11,1590
10,1591
6,1592
16,1593
16,1594
8,1595
7,1596
1,1597
7,1598
9,1599
9,1600
8,1601
9,1602
6,1603
13,1604
3,1605
9,1606
3,1607
3,1608
8,1609
2,1610
2,1611
6,1612
15,1613
9,1614
10,1615
9,1616
9,1617
2,1618
10,1619
9,1620
10,1621
11,1622
9,1623
12,1624
7,1625
8,1626
8,1627
13,1628
9,1629
13,1630
2,1631
9,1632
6,1633
10,1634
7,1635
10,1636
16,1637
11,1638
9,1639
9,1640
6,1641
14,1642
8,1643
9,1644
11,1645
12,1646
8,1647
2,1648
5,1649
10,1650
10,1651
10,1652
13,1653
8,1654
11,1655
5,1656
11,1657
5,1658
10,1659
10,1660
7,1661
6,1662
12,1663
8,1664
6,1665
16,1666
2,1667
11,1668
14,1669
8,1670
6,1671
8,1672
10,1673
11,1674
10,1675
11,1676
13,1677
10,1678
10,1679
10,1680
8,1681
10,1682
9,1683
11,1684
7,1685
2,1686
14,1687
7,1688
9,1689
12,1690
10,1691
13,1692
9,1693
5,1694
1,1695
12,1696
8,1697
8,1698
13,1699
3,1700
7,1701
8,1702
7,1703
8,1704
11,1705
7,1706
10,1707
13,1708
9,1709
12,1710
13,1711
10,1712
8,1713
7,1714
7,1715
10,1716
10,1717
10,1718
11,1719
10,1720
9,1721
0,1722
13,1723
9,1724
4,1725
6,1726
7,1727
12,1728
11,1729
8,1730
16,1731
6,1732
10,1733
11,1734
10,1735
10,1736
11,1737
14,1738
8,1739
13,1740
3,1741
11,1742
11,1743
7,1744
13,1745
16,1746
6,1747
7,1748
7,1749
7,1750
0,1751
8,1752
9,1753
3,1754
13,1755
13,1756
10,1757
6,1758
9,1759
10,1760
14,1761
2,1762
5,1763
2,1764
15,1765
5,1766
9,1767
2,1768
10,1769
8,1770
7,1771
11,1772
7,1773
4,1774
7,1775
12,1776
3,1777
6,1778
7,1779
12,1780
10,1781
11,1782
7,1783
13,1784
3,1785
7,1786
10,1787
9,1788
10,1789
6,1790
0,1791
13,1792
8,1793
13,1794
11,1795
11,1796
10,1797
3,1798
8,1799
12,1800
8,1801
8,1802
12,1803
8,1804
9,1805
16,1806
8,1807
6,1808
7,1809
4,1810
8,1811
12,1812
8,1813
12,1814
5,1815
7,1816
6,1817
5,1818
10,1819
8,1820
14,1821
13,1822
9,1823
12,1824
14,1825
7,1826
13,1827
8,1828
10,1829
10,1830
7,1831
9,1832
4,1833
8,1834
2,1835
13,1836
14,1837
13,1838
10,1839
6,1840
4,1841
10,1842
13,1843
9,1844
8,1845
12,1846
12,1847
9,1848
8,1849
11,1850
12,1851
10,1852
8,1853
10,1854
10,1855
10,1856
8,1857
6,1858
10,1859
3,1860
13,1861
10,1862
10,1863
17,1864
10,1865
6,1866
10,1867
8,1868
4,1869
11,1870
13,1871
9,1872
10,1873
11,1874
11,1875
9,1876
5,1877
10,1878
8,1879
0,1880
13,1881
13,1882
10,1883
3,1884
8,1885
17,1886
10,1887
10,1888
3,1889
3,1890
13,1891
4,1892
6,1893
13,1894
10,1895
7,1896
10,1897
8,1898
5,1899
13,1900
7,1901
3,1902
9,1903
11,1904
8,1905
14,1906
14,1907
10,1908
8,1909
8,1910
5,1911
10,1912
16,1913
10,1914
16,1915
8,1916
10,1917
9,1918
7,1919
10,1920
7,1921
13,1922
7,1923
7,1924
6,1925
8,1926
10,1927
9,1928
11,1929
6,1930
8,1931
11,1932
16,1933
2,1934
9,1935
8,1936
0,1937
6,1938
11,1939
11,1940
12,1941
7,1942
10,1943
9,1944
12,1945
4,1946
10,1947
10,1948
6,1949
9,1950
13,1951
8,1952
3,1953
10,1954
8,1955
12,1956
8,1957
7,1958
13,1959
5,1960
10,1961
10,1962
11,1963
12,1964
8,1965
12,1966
10,1967
9,1968
11,1969
6,1970
10,1971
8,1972
10,1973
6,1974
7,1975
7,1976
7,1977
5,1978
16,1979
11,1980
14,1981
7,1982
6,1983
11,1984
16,1985
11,1986
12,1987
11,1988
13,1989
9,1990
12,1991
10,1992
6,1993
13,1994
8,1995
9,1996
9,1997
8,1998
13,1999
15,2000
3,2001
10,2002
7,2003
8,2004
10,2005
7,2006
10,2007
16,2008
8,2009
12,2010
10,2011
9,2012
6,2013
9,2014
11,2015
5,2016
12,2017
16,2018
16,2019
3,2020
13,2021
3,2022
10,2023
1,2024
9,2025
8,2026
12,2027
6,2028
10,2029
8,2030
12,2031
11,2032
7,2033
10,2034
11,2035
12,2036
10,2037
3,2038
6,2039
16,2040
9,2041
10,2042
10,2043
10,2044
7,2045
10,2046
5,2047
9,2048
11,2049
13,2050
11,2051
17,2052
13,2053
11,2054
6,2055
10,2056
6,2057
8,2058
10,2059
2,2060
9,2061
3,2062
3,2063
10,2064
4,2065
10,2066
5,2067
11,2068
9,2069
8,2070
11,2071
4,2072
13,2073
10,2074
10,2075
13,2076
10,2077
8,2078
8,2079
9,2080
10,2081
11,2082
3,2083
6,2084
13,2085
10,2086
1,2087
11,2088
11,2089
12,2090
4,2091
11,2092
10,2093
9,2094
13,2095
4,2096
15,2097
13,2098
7,2099
13,2100
6,2101
7,2102
10,2103
13,2104
12,2105
7,2106
10,2107
4,2108
10,2109
7,2110
9,2111
9,2112
13,2113
3,2114
13,2115
12,2116
3,2117
1,2118
7,2119
9,2120
16,2121
8,2122
4,2123
11,2124
16,2125
2,2126
2,2127
9,2128
0,2129
4,2130
9,2131
12,2132
12,2133
12,2134
12,2135
3,2136
8,2137
10,2138
6,2139
13,2140
11,2141
13,2142
5,2143
3,2144
8,2145
16,2146
10,2147
12,2148
8,2149
9,2150
6,2151
7,2152
12,2153
11,2154
9,2155
5,2156
10,2157
6,2158
8,2159
15,2160
7,2161
6,2162
4,2163
0,2164
6,2165
12,2166
16,2167
0,2168
2,2169
13,2170
10,2171
6,2172
8,2173
13,2174
9,2175
9,2176
10,2177
8,2178
6,2179
13,2180
16,2181
9,2182
9,2183
6,2184
8,2185
10,2186
7,2187
10,2188
1,2189
7,2190
12,2191
12,2192
7,2193
15,2194
12,2195
7,2196
3,2197
2,2198
10,2199
12,2200
9,2201
10,2202
9,2203
10,2204
9,2205
13,2206
4,2207
6,2208
10,2209
3,2210
13,2211
7,2212
13,2213
6,2214
10,2215
11,2216
12,2217
5,2218
13,2219
13,2220
6,2221
10,2222
3,2223
13,2224
12,2225
6,2226
4,2227
13,2228
10,2229
9,2230
10,2231
12,2232
5,2233
3,2234
10,2235
14,2236
6,2237
6,2238
8,2239
2,2240
9,2241
7,2242
7,2243
11,2244
7,2245
7,2246
7,2247
11,2248
8,2249
9,2250
8,2251
10,2252
10,2253
12,2254
13,2255
10,2256
10,2257
10,2258
9,2259
10,2260
10,2261
7,2262
13,2263
11,2264
11,2265
10,2266
9,2267
4,2268
1,2269
16,2270
10,2271
8,2272
4,2273
13,2274
8,2275
9,2276
11,2277
11,2278
9,2279
10,2280
12,2281
8,2282
11,2283
9,2284
7,2285
10,2286
2,2287
13,2288
13,2289
2,2290
0,2291
2,2292
8,2293
9,2294
11,2295
7,2296
3,2297
6,2298
8,2299
8,2300
2,2301
10,2302
5,2303
10,2304
12,2305
16,2306
5,2307
16,2308
13,2309
17,2310
8,2311
8,2312
9,2313
14,2314
5,2315
7,2316
7,2317
13,2318
9,2319
10,2320
12,2321
11,2322
16,2323
13,2324
8,2325
16,2326
12,2327
14,2328
6,2329
2,2330
9,2331
9,2332
11,2333
10,2334
15,2335
9,2336
13,2337
8,2338
9,2339
6,2340
9,2341
10,2342
9,2343
12,2344
13,2345
10,2346
5,2347
3,2348
3,2349
9,2350
16,2351
8,2352
16,2353
3,2354
13,2355
9,2356
11,2357
11,2358
12,2359
10,2360
12,2361
12,2362
8,2363
7,2364
9,2365
13,2366
11,2367
6,2368
9,2369
9,2370
15,2371
12,2372
6,2373
10,2374
6,2375
13,2376
13,2377
16,2378
16,2379
11,2380
7,2381
9,2382
9,2383
2,2384
16,2385
12,2386
4,2387
10,2388
3,2389
14,2390
16,2391
10,2392
8,2393
13,2394
10,2395
10,2396
6,2397
12,2398
9,2399
13,2400
13,2401
9,2402
3,2403
9,2404
13,2405
8,2406
9,2407
9,2408
6,2409
9,2410
10,2411
12,2412
10,2413
9,2414
2,2415
13,2416
7,2417
10,2418
7,2419
5,2420
13,2421
1,2422
16,2423
6,2424
10,2425
11,2426
2,2427
12,2428
9,2429
11,2430
7,2431
3,2432
13,2433
13,2434
10,2435
9,2436
3,2437
3,2438
10,2439
3,2440
10,2441
10,2442
4,2443
10,2444
11,2445
8,2446
6,2447
13,2448
11,2449
8,2450
7,2451
7,2452
16,2453
11,2454
9,2455
2,2456
10,2457
10,2458
15,2459
9,2460
11,2461
10,2462
12,2463
17,2464
13,2465
10,2466
13,2467
10,2468
13,2469
9,2470
10,2471
8,2472
3,2473
12,2474
13,2475
11,2476
12,2477
3,2478
9,2479
7,2480
2,2481
4,2482
12,2483
12,2484
3,2485
9,2486
3,2487
1,2488
14,2489
8,2490
12,2491
8,2492
10,2493
9,2494
11,2495
2,2496
3,2497
10,2498
6,2499
3,2500
14,2501
7,2502
10,2503
8,2504
9,2505
6,2506
13,2507
9,2508
16,2509
4,2510
10,2511
7,2512
8,2513
2,2514
8,2515
7,2516
7,2517
16,2518
14,2519
9,2520
3,2521
13,2522
10,2523
7,2524
0,2525
16,2526
1,2527
11,2528
12,2529
1,2530
10,2531
16,2532
14,2533
15,2534
10,2535
13,2536
7,2537
3,2538
16,2539
10,2540
16,2541
13,2542
15,2543
7,2544
10,2545
6,2546
11,2547
2,2548
10,2549
6,2550
6,2551
14,2552
2,2553
10,2554
3,2555
12,2556
8,2557
11,2558
7,2559
13,2560
3,2561
6,2562
13,2563
10,2564
9,2565
8,2566
12,2567
7,2568
2,2569
2,2570
13,2571
2,2572
6,2573
10,2574
0,2575
10,2576
12,2577
6,2578
7,2579
10,2580
9,2581
11,2582
9,2583
10,2584
11,2585
5,2586
10,2587
9,2588
14,2589
9,2590
16,2591
9,2592
3,2593
11,2594
11,2595
10,2596
10,2597
10,2598
6,2599
10,2600
12,2601
5,2602
2,2603
6,2604
10,2605
10,2606
12,2607
10,2608
15,2609
3,2610
11,2611
3,2612
11,2613
11,2614
11,2615
9,2616
8,2617
3,2618
11,2619
5,2620
12,2621
12,2622
15,2623
12,2624
12,2625
16,2626
15,2627
14,2628
8,2629
9,2630
10,2631
10,2632
13,2633
8,2634
8,2635
9,2636
6,2637
10,2638
8,2639
11,2640
9,2641
3,2642
8,2643
12,2644
9,2645
7,2646
8,2647
6,2648
9,2649
10,2650
10,2651
9,2652
11,2653
8,2654
9,2655
16,2656
6,2657
8,2658
5,2659
8,2660
12,2661
10,2662
6,2663
10,2664
3,2665
9,2666
10,2667
14,2668
12,2669
3,2670
3,2671
8,2672
7,2673
6,2674
13,2675
15,2676
8,2677
13,2678
9,2679
13,2680
13,2681
13,2682
10,2683
5,2684
11,2685
9,2686
15,2687
13,2688
8,2689
8,2690
11,2691
10,2692
13,2693
11,2694
16,2695
4,2696
9,2697
12,2698
4,2699
6,2700
10,2701
7,2702
10,2703
9,2704
12,2705
10,2706
14,2707
6,2708
13,2709
4,2710
5,2711
7,2712
9,2713
9,2714
11,2715
8,2716
9,2717
2,2718
2,2719
9,2720
12,2721
15,2722
6,2723
13,2724
9,2725
11,2726
6,2727
6,2728
7,2729
7,2730
4,2731
5,2732
9,2733
8,2734
12,2735
10,2736
6,2737
8,2738
10,2739
8,2740
13,2741
2,2742
12,2743
10,2744
16,2745
16,2746
5,2747
8,2748
12,2749
11,2750
6,2751
10,2752
11,2753
16,2754
13,2755
2,2756
8,2757
8,2758
11,2759
9,2760
16,2761
3,2762
12,2763
0,2764
10,2765
5,2766
2,2767
7,2768
2,2769
12,2770
8,2771
11,2772
13,2773
2,2774
10,2775
12,2776
12,2777
13,2778
10,2779
16,2780
9,2781
10,2782
8,2783
10,2784
9,2785
8,2786
9,2787
13,2788
12,2789
12,2790
16,2791
6,2792
10,2793
13,2794
10,2795
16,2796
6,2797
9,2798
11,2799
15,2800
17,2801
8,2802
7,2803
8,2804
9,2805
12,2806
7,2807
0,2808
0,2809
10,2810
3,2811
17,2812
3,2813
8,2814
3,2815
5,2816
12,2817
16,2818
10,2819
6,2820
13,2821
11,2822
0,2823
8,2824
15,2825
10,2826
7,2827
9,2828
9,2829
10,2830
11,2831
4,2832
10,2833
6,2834
10,2835
10,2836
8,2837
10,2838
8,2839
0,2840
8,2841
9,2842
11,2843
0,2844
8,2845
11,2846
4,2847
9,2848
16,2849
14,2850
11,2851
9,2852
16,2853
9,2854
13,2855
9,2856
7,2857
8,2858
3,2859
6,2860
4,2861
8,2862
7,2863
10,2864
8,2865
13,2866
5,2867
10,2868
10,2869
7,2870
11,2871
6,2872
6,2873
16,2874
10,2875
6,2876
7,2877
8,2878
10,2879
3,2880
11,2881
10,2882
5,2883
4,2884
10,2885
12,2886
5,2887
16,2888
10,2889
9,2890
13,2891
11,2892
6,2893
14,2894
10,2895
16,2896
16,2897
4,2898
3,2899
8,2900
10,2901
12,2902
16,2903
10,2904
11,2905
13,2906
13,2907
10,2908
4,2909
9,2910
15,2911
9,2912
9,2913
3,2914
10,2915
6,2916
8,2917
0,2918
7,2919
8,2920
16,2921
12,2922
13,2923
4,2924
8,2925
11,2926
12,2927
6,2928
9,2929
11,2930
6,2931
12,2932
10,2933
5,2934
11,2935
5,2936
12,2937
9,2938
7,2939
5,2940
16,2941
11,2942
13,2943
5,2944
8,2945
14,2946
9,2947
5,2948
6,2949
11,2950
8,2951
7,2952
10,2953
11,2954
12,2955
16,2956
15,2957
11,2958
3,2959
8,2960
10,2961
11,2962
8,2963
8,2964
4,2965
9,2966
6,2967
11,2968
8,2969
10,2970
15,2971
10,2972
2,2973
13,2974
12,2975
6,2976
15,2977
10,2978
14,2979
8,2980
6,2981
14,2982
9,2983
10,2984
9,2985
8,2986
2,2987
4,2988
15,2989
14,2990
10,2991
6,2992
3,2993
9,2994
11,2995
1,2996
7,2997
15,2998
12,2999
8,3000
10,3001
6,3002
4,3003
6,3004
10,3005
10,3006
9,3007
10,3008
3,3009
10,3010
10,3011
10,3012
15,3013
8,3014
11,3015
6,3016
12,3017
13,3018
10,3019
10,3020
4,3021
8,3022
9,3023
10,3024
8,3025
13,3026
2,3027
14,3028
13,3029
10,3030
9,3031
11,3032
12,3033
7,3034
11,3035
15,3036
16,3037
6,3038
16,3039
14,3040
7,3041
11,3042
10,3043
10,3044
9,3045
10,3046
4,3047
3,3048
8,3049
7,3050
5,3051
12,3052
14,3053
8,3054
5,3055
5,3056
13,3057
6,3058
9,3059
12,3060
15,3061
13,3062
9,3063
10,3064
3,3065
8,3066
6,3067
13,3068
11,3069
6,3070
13,3071
8,3072
10,3073
10,3074
6,3075
6,3076
8,3077
13,3078
3,3079
10,3080
8,3081
3,3082
10,3083
15,3084
10,3085
13,3086
9,3087
10,3088
11,3089
12,3090
2,3091
15,3092
9,3093
13,3094
4,3095
2,3096
7,3097
8,3098
13,3099
1,3100
3,3101
9,3102
8,3103
11,3104
9,3105
16,3106
6,3107
6,3108
8,3109
0,3110
10,3111
13,3112
8,3113
10,3114
5,3115
6,3116
13,3117
8,3118
9,3119
1,3120
3,3121
8,3122
10,3123
6,3124
9,3125
5,3126
0,3127
7,3128
7,3129
10,3130
12,3131
9,3132
10,3133
7,3134
6,3135
7,3136
2,3137
16,3138
6,3139
10,3140
13,3141
9,3142
6,3143
12,3144
2,3145
6,3146
10,3147
10,3148
15,3149
3,3150
3,3151
12,3152
8,3153
9,3154
13,3155
11,3156
10,3157
3,3158
10,3159
9,3160
11,3161
6,3162
10,3163
7,3164
2,3165
9,3166
17,3167
4,3168
11,3169
13,3170
11,3171
10,3172
3,3173
8,3174
3,3175
12,3176
8,3177
8,3178
12,3179
9,3180
11,3181
11,3182
13,3183
10,3184
5,3185
10,3186
8,3187
9,3188
14,3189
14,3190
11,3191
7,3192
10,3193
9,3194
3,3195
4,3196
7,3197
9,3198
1,3199
16,3200
10,3201
8,3202
9,3203
3,3204
1,3205
8,3206
8,3207
7,3208
10,3209
10,3210
12,3211
13,3212
7,3213
8,3214
16,3215
12,3216
7,3217
6,3218
6,3219
10,3220
7,3221
5,3222
10,3223
16,3224
7,3225
0,3226
10,3227
3,3228
10,3229
13,3230
8,3231
3,3232
6,3233
12,3234
10,3235
11,3236
10,3237
9,3238
10,3239
10,3240
13,3241
13,3242
12,3243
10,3244
8,3245
10,3246
12,3247
9,3248
2,3249
8,3250
10,3251
10,3252
11,3253
4,3254
10,3255
8,3256
10,3257
9,3258
13,3259
10,3260
9,3261
6,3262
15,3263
16,3264
10,3265
12,3266
2,3267
5,3268
8,3269
5,3270
11,3271
4,3272
11,3273
3,3274
7,3275
8,3276
8,3277
6,3278
11,3279
14,3280
3,3281
4,3282
5,3283
8,3284
8,3285
2,3286
11,3287
8,3288
5,3289
10,3290
7,3291
16,3292
12,3293
10,3294
15,3295
13,3296
9,3297
14,3298
10,3299
2,3300
2,3301
8,3302
11,3303
8,3304
13,3305
13,3306
9,3307
10,3308
13,3309
15,3310
17,3311
1,3312
10,3313
3,3314
2,3315
5,3316
6,3317
11,3318
10,3319
7,3320
3,3321
13,3322
10,3323
7,3324
4,3325
11,3326
8,3327
9,3328
0,3329
10,3330
10,3331
6,3332
16,3333
15,3334
13,3335
10,3336
10,3337
7,3338
6,3339
6,3340
16,3341
10,3342
6,3343
9,3344
9,3345
16,3346
8,3347
13,3348
13,3349
10,3350
5,3351
10,3352
10,3353
9,3354
0,3355
12,3356
10,3357
11,3358
1,3359
9,3360
10,3361
12,3362
7,3363
10,3364
10,3365
7,3366
10,3367
11,3368
10,3369
9,3370
9,3371
9,3372
10,3373
7,3374
6,3375
7,3376
10,3377
16,3378
8,3379
5,3380
12,3381
10,3382
10,3383
13,3384
11,3385
16,3386
12,3387
10,3388
14,3389
7,3390
7,3391
6,3392
10,3393
15,3394
12,3395
6,3396
13,3397
2,3398
6,3399
2,3400
1,3401
8,3402
11,3403
10,3404
7,3405
8,3406
7,3407
3,3408
4,3409
0,3410
10,3411
8,3412
16,3413
11,3414
6,3415
13,3416
14,3417
15,3418
11,3419
6,3420
10,3421
13,3422
11,3423
13,3424
10,3425
12,3426
5,3427
2,3428
12,3429
6,3430
16,3431
9,3432
9,3433
10,3434
10,3435
10,3436
10,3437
13,3438
11,3439
4,3440
10,3441
16,3442
11,3443
9,3444
6,3445
6,3446
7,3447
11,3448
7,3449
7,3450
8,3451
16,3452
11,3453
13,3454
13,3455
16,3456
10,3457
13,3458
8,3459
9,3460
3,3461
7,3462
10,3463
9,3464
16,3465
10,3466
10,3467
9,3468
14,3469
10,3470
10,3471
2,3472
10,3473
2,3474
12,3475
0,3476
12,3477
12,3478
3,3479
5,3480
2,3481
9,3482
11,3483
9,3484
8,3485
10,3486
13,3487
10,3488
9,3489
16,3490
9,3491
5,3492
12,3493
12,3494
0,3495
10,3496
4,3497
8,3498
10,3499
6,3500
8,3501
10,3502
12,3503
9,3504
8,3505
10,3506
9,3507
10,3508
6,3509
5,3510
12,3511
12,3512
0,3513
12,3514
13,3515
11,3516
12,3517
6,3518
10,3519
10,3520
2,3521
12,3522
11,3523
13,3524
12,3525
3,3526
9,3527
6,3528
11,3529
11,3530
12,3531
11,3532
9,3533
10,3534
5,3535
10,3536
9,3537
10,3538
12,3539
9,3540
10,3541
10,3542
10,3543
16,3544
10,3545
0,3546
6,3547
7,3548
10,3549
8,3550
12,3551
13,3552
10,3553
6,3554
13,3555
13,3556
4,3557
9,3558
8,3559
3,3560
12,3561
2,3562
8,3563
9,3564
8,3565
9,3566
10,3567
13,3568
11,3569
16,3570
10,3571
8,3572
11,3573
5,3574
11,3575
8,3576
10,3577
10,3578
8,3579
15,3580
7,3581
6,3582
13,3583
12,3584
10,3585
3,3586
9,3587
6,3588
6,3589
16,3590
9,3591
9,3592
12,3593
6,3594
10,3595
10,3596
12,3597
6,3598
5,3599
13,3600
2,3601
12,3602
9,3603
16,3604
10,3605
3,3606
7,3607
10,3608
6,3609
12,3610
10,3611
9,3612
8,3613
3,3614
10,3615
7,3616
15,3617
2,3618
12,3619
10,3620
8,3621
11,3622
11,3623
11,3624
13,3625
13,3626
10,3627
12,3628
1,3629
10,3630
13,3631
10,3632
12,3633
7,3634
8,3635
15,3636
10,3637
6,3638
5,3639
10,3640
10,3641
10,3642
12,3643
6,3644
7,3645
6,3646
8,3647
13,3648
16,3649
10,3650
10,3651
10,3652
6,3653
2,3654
6,3655
10,3656
9,3657
4,3658
8,3659
6,3660
13,3661
11,3662
9,3663
7,3664
12,3665
11,3666
10,3667
2,3668
5,3669
6,3670
5,3671
5,3672
10,3673
11,3674
14,3675
2,3676
3,3677
8,3678
13,3679
9,3680
10,3681
11,3682
11,3683
13,3684
8,3685
4,3686
0,3687
12,3688
10,3689
17,3690
10,3691
8,3692
8,3693
11,3694
6,3695
13,3696
13,3697
10,3698
8,3699
8,3700
5,3701
6,3702
9,3703
11,3704
3,3705
13,3706
11,3707
10,3708
4,3709
10,3710
7,3711
13,3712
10,3713
3,3714
7,3715
6,3716
8,3717
2,3718
5,3719
5,3720
3,3721
2,3722
13,3723
10,3724
8,3725
5,3726
5,3727
8,3728
2,3729
11,3730
12,3731
10,3732
10,3733
8,3734
11,3735
10,3736
16,3737
8,3738
12,3739
3,3740
0,3741
8,3742
10,3743
10,3744
10,3745
8,3746
8,3747
7,3748
12,3749
11,3750
8,3751
10,3752
11,3753
8,3754
12,3755
12,3756
13,3757
12,3758
5,3759
10,3760
10,3761
8,3762
10,3763
6,3764
7,3765
16,3766
1,3767
13,3768
3,3769
10,3770
7,3771
7,3772
10,3773
10,3774
3,3775
13,3776
4,3777
13,3778
7,3779
9,3780
12,3781
16,3782
10,3783
16,3784
11,3785
12,3786
12,3787
4,3788
13,3789
12,3790
10,3791
9,3792
12,3793
1,3794
9,3795
10,3796
3,3797
8,3798
12,3799
7,3800
0,3801
7,3802
11,3803
1,3804
9,3805
2,3806
0,3807
2,3808
15,3809
9,3810
12,3811
15,3812
2,3813
13,3814
7,3815
9,3816
12,3817
10,3818
10,3819
2,3820
12,3821
16,3822
12,3823
12,3824
16,3825
9,3826
11,3827
17,3828
10,3829
4,3830
8,3831
3,3832
9,3833
4,3834
9,3835
13,3836
10,3837
7,3838
10,3839
8,3840
3,3841
14,3842
8,3843
15,3844
10,3845
10,3846
8,3847
7,3848
9,3849
5,3850
13,3851
13,3852
12,3853
7,3854
1,3855
13,3856
14,3857
14,3858
11,3859
13,3860
6,3861
7,3862
15,3863
2,3864
10,3865
5,3866
6,3867
12,3868
12,3869
13,3870
13,3871
10,3872
7,3873
0,3874
9,3875
12,3876
9,3877
9,3878
5,3879
13,3880
7,3881
16,3882
12,3883
5,3884
12,3885
11,3886
11,3887
16,3888
14,3889
9,3890
6,3891
11,3892
10,3893
6,3894
13,3895
2,3896
10,3897
11,3898
10,3899
12,3900
10,3901
12,3902
12,3903
10,3904
11,3905
7,3906
0,3907
10,3908
6,3909
9,3910
11,3911
11,3912
2,3913
16,3914
13,3915
12,3916
3,3917
17,3918
11,3919
8,3920
10,3921
6,3922
10,3923
0,3924
6,3925
8,3926
14,3927
11,3928
13,3929
9,3930
12,3931
16,3932
5,3933
6,3934
14,3935
6,3936
11,3937
9,3938
10,3939
11,3940
11,3941
13,3942
10,3943
3,3944
5,3945
9,3946
16,3947
12,3948
5,3949
8,3950
9,3951
12,3952
9,3953
10,3954
12,3955
8,3956
10,3957
13,3958
5,3959
5,3960
11,3961
2,3962
11,3963
12,3964
10,3965
5,3966
16,3967
8,3968
9,3969
8,3970
12,3971
4,3972
9,3973
13,3974
10,3975
15,3976
11,3977
9,3978
3,3979
10,3980
2,3981
8,3982
15,3983
10,3984
8,3985
0,3986
15,3987
16,3988
10,3989
12,3990
11,3991
9,3992
6,3993
9,3994
8,3995
8,3996
16,3997
13,3998
10,3999
8,4000
10,4001
10,4002
1,4003
3,4004
5,4005
6,4006
6,4007
9,4008
3,4009
12,4010
6,4011
10,4012
9,4013
10,4014
12,4015
11,4016
13,4017
9,4018
5,4019
9,4020
9,4021
11,4022
7,4023
15,4024
9,4025
7,4026
12,4027
13,4028
7,4029
4,4030
16,4031
8,4032
5,4033
13,4034
12,4035
2,4036
9,4037
11,4038
9,4039
10,4040
9,4041
10,4042
11,4043
4,4044
10,4045
13,4046
9,4047
10,4048
10,4049
10,4050
13,4051
9,4052
11,4053
7,4054
7,4055
13,4056
9,4057
9,4058
8,4059
2,4060
9,4061
12,4062
8,4063
10,4064
12,4065
13,4066
13,4067
10,4068
8,4069
6,4070
6,4071
7,4072
12,4073
11,4074
8,4075
10,4076
10,4077
9,4078
6,4079
8,4080
12,4081
13,4082
12,4083
5,4084
8,4085
8,4086
8,4087
16,4088
10,4089
16,4090
8,4091
13,4092
4,4093
9,4094
17,4095
4,4096
10,4097
13,4098
3,4099
9,4100
16,4101
2,4102
8,4103
16,4104
8,4105
5,4106
12,4107
2,4108
9,4109
4,4110
6,4111
3,4112
6,4113
10,4114
3,4115
7,4116
10,4117
4,4118
8,4119
9,4120
11,4121
6,4122
10,4123
11,4124
6,4125
6,4126
9,4127
10,4128
15,4129
6,4130
2,4131
10,4132
8,4133
2,4134
16,4135
12,4136
3,4137
14,4138
16,4139
13,4140
0,4141
10,4142
9,4143
8,4144
9,4145
10,4146
13,4147
7,4148
5,4149
12,4150
7,4151
10,4152
9,4153
6,4154
2,4155
10,4156
12,4157
6,4158
9,4159
6,4160
6,4161
10,4162
13,4163
16,4164
3,4165
13,4166
12,4167
10,4168
7,4169
10,4170
11,4171
2,4172
7,4173
9,4174
15,4175
10,4176
3,4177
8,4178
17,4179
13,4180
5,4181
11,4182
10,4183
6,4184
11,4185
10,4186
10,4187
10,4188
8,4189
3,4190
10,4191
9,4192
2,4193
6,4194
0,4195
8,4196
0,4197
16,4198
5,4199
0,4200
3,4201
10,4202
8,4203
13,4204
6,4205
7,4206
10,4207
8,4208
6,4209
12,4210
7,4211
9,4212
9,4213
5,4214
12,4215
13,4216
11,4217
8,4218
10,4219
2,4220
11,4221
11,4222
10,4223
3,4224
10,4225
8,4226
9,4227
13,4228
7,4229
3,4230
12,4231
3,4232
9,4233
9,4234
12,4235
13,4236
10,4237
6,4238
8,4239
8,4240
8,4241
13,4242
7,4243
9,4244
9,4245
13,4246
3,4247
10,4248
8,4249
15,4250
9,4251
8,4252
6,4253
12,4254
9,4255
8,4256
10,4257
12,4258
9,4259
5,4260
9,4261
13,4262
9,4263
6,4264
11,4265
9,4266
3,4267
3,4268
9,4269
9,4270
7,4271
7,4272
3,4273
12,4274
10,4275
10,4276
4,4277
14,4278
2,4279
10,4280
9,4281
10,4282
13,4283
10,4284
7,4285
16,4286
6,4287
7,4288
10,4289
10,4290
11,4291
10,4292
15,4293
11,4294
9,4295
8,4296
7,4297
13,4298
13,4299
9,4300
12,4301
13,4302
10,4303
7,4304
9,4305
6,4306
10,4307
13,4308
8,4309
11,4310
12,4311
8,4312
8,4313
13,4314
8,4315
1,4316
9,4317
6,4318
8,4319
6,4320
9,4321
12,4322
6,4323
10,4324
8,4325
14,4326
13,4327
12,4328
13,4329
10,4330
13,4331
7,4332
16,4333
4,4334
2,4335
16,4336
5,4337
6,4338
10,4339
16,4340
6,4341
10,4342
10,4343
5,4344
10,4345
9,4346
12,4347
0,4348
5,4349
13,4350
13,4351
3,4352
11,4353
11,4354
10,4355
7,4356
9,4357
6,4358
10,4359
7,4360
16,4361
9,4362
11,4363
10,4364
7,4365
3,4366
13,4367
10,4368
8,4369
6,4370
9,4371
9,4372
0,4373
7,4374
8,4375
0,4376
8,4377
7,4378
8,4379
10,4380
9,4381
13,4382
11,4383
11,4384
0,4385
16,4386
6,4387
9,4388
9,4389
7,4390
3,4391
3,4392
3,4393
3,4394
15,4395
8,4396
5,4397
10,4398
9,4399
10,4400
11,4401
3,4402
2,4403
11,4404
12,4405
13,4406
15,4407
9,4408
7,4409
6,4410
8,4411
7,4412
2,4413
5,4414
8,4415
13,4416
3,4417
11,4418
0,4419
11,4420
10,4421
13,4422
3,4423
7,4424
7,4425
11,4426
5,4427
6,4428
7,4429
13,4430
9,4431
10,4432
13,4433
11,4434
2,4435
5,4436
8,4437
12,4438
7,4439
4,4440
1,4441
10,4442
7,4443
13,4444
12,4445
8,4446
12,4447
9,4448
9,4449
10,4450
7,4451
13,4452
14,4453
10,4454
6,4455
5,4456
8,4457
12,4458
15,4459
9,4460
3,4461
10,4462
13,4463
9,4464
4,4465
9,4466
2,4467
5,4468
10,4469
8,4470
11,4471
3,4472
9,4473
6,4474
3,4475
16,4476
14,4477
8,4478
6,4479
10,4480
2,4481
3,4482
5,4483
10,4484
7,4485
8,4486
12,4487
2,4488
6,4489
11,4490
10,4491
9,4492
9,4493
13,4494
13,4495
5,4496
8,4497
11,4498
11,4499
10,4500
2,4501
13,4502
9,4503
4,4504
11,4505
8,4506
10,4507
10,4508
9,4509
10,4510
3,4511
9,4512
13,4513
9,4514
10,4515
6,4516
9,4517
3,4518
9,4519
7,4520
7,4521
5,4522
12,4523
13,4524
10,4525
13,4526
11,4527
6,4528
9,4529
10,4530
14,4531
12,4532
6,4533
11,4534
6,4535
9,4536
10,4537
6,4538
8,4539
3,4540
10,4541
4,4542
8,4543
13,4544
9,4545
9,4546
12,4547
9,4548
3,4549
15,4550
3,4551
0,4552
10,4553
5,4554
11,4555
6,4556
8,4557
9,4558
3,4559
15,4560
9,4561
8,4562
9,4563
3,4564
13,4565
7,4566
10,4567
4,4568
2,4569
11,4570
6,4571
9,4572
8,4573
12,4574
10,4575
7,4576
9,4577
10,4578
16,4579
10,4580
6,4581
16,4582
10,4583
6,4584
13,4585
2,4586
8,4587
7,4588
11,4589
12,4590
10,4591
11,4592
7,4593
13,4594
3,4595
0,4596
16,4597
9,4598
7,4599
10,4600
7,4601
6,4602
12,4603
8,4604
9,4605
10,4606
8,4607
12,4608
12,4609
9,4610
11,4611
10,4612
3,4613
10,4614
8,4615
6,4616
10,4617
14,4618
9,4619
11,4620
6,4621
13,4622
13,4623
13,4624
8,4625
6,4626
5,4627
5,4628
11,4629
7,4630
10,4631
15,4632
11,4633
8,4634
2,4635
6,4636
8,4637
10,4638
10,4639
7,4640
9,4641
4,4642
10,4643
5,4644
6,4645
10,4646
10,4647
12,4648
12,4649
2,4650
13,4651
13,4652
10,4653
1,4654
2,4655
13,4656
13,4657
10,4658
5,4659
13,4660
12,4661
15,4662
11,4663
2,4664
2,4665
12,4666
11,4667
10,4668
11,4669
6,4670
7,4671
10,4672
10,4673
9,4674
12,4675
13,4676
6,4677
10,4678
3,4679
7,4680
8,4681
9,4682
11,4683
13,4684
13,4685
2,4686
4,4687
10,4688
8,4689
6,4690
13,4691
8,4692
9,4693
3,4694
4,4695
5,4696
6,4697
7,4698
13,4699
10,4700
11,4701
3,4702
12,4703
12,4704
3,4705
10,4706
15,4707
10,4708
12,4709
12,4710
16,4711
9,4712
10,4713
9,4714
10,4715
10,4716
8,4717
8,4718
6,4719
8,4720
10,4721
10,4722
3,4723
13,4724
11,4725
11,4726
12,4727
10,4728
3,4729
10,4730
9,4731
10,4732
8,4733
10,4734
9,4735
6,4736
5,4737
2,4738
6,4739
10,4740
4,4741
6,4742
2,4743
10,4744
5,4745
12,4746
10,4747
11,4748
8,4749
7,4750
10,4751
0,4752
9,4753
9,4754
3,4755
0,4756
9,4757
8,4758
9,4759
5,4760
3,4761
13,4762
4,4763
10,4764
15,4765
16,4766
13,4767
8,4768
8,4769
10,4770
10,4771
7,4772
10,4773
3,4774
14,4775
5,4776
14,4777
10,4778
13,4779
3,4780
3,4781
12,4782
3,4783
7,4784
10,4785
15,4786
7,4787
10,4788
10,4789
13,4790
13,4791
13,4792
10,4793
9,4794
15,4795
9,4796
9,4797
11,4798
6,4799
8,4800
6,4801
13,4802
11,4803
17,4804
14,4805
7,4806
6,4807
10,4808
10,4809
11,4810
3,4811
11,4812
4,4813
7,4814
9,4815
2,4816
11,4817
12,4818
12,4819
15,4820
14,4821
13,4822
4,4823
10,4824
9,4825
12,4826
16,4827
7,4828
10,4829
13,4830
11,4831
12,4832
13,4833
5,4834
12,4835
11,4836
7,4837
10,4838
7,4839
11,4840
13,4841
10,4842
7,4843
16,4844
7,4845
10,4846
8,4847
10,4848
9,4849
6,4850
10,4851
6,4852
11,4853
13,4854
17,4855
9,4856
10,4857
8,4858
10,4859
3,4860
15,4861
7,4862
10,4863
10,4864
10,4865
3,4866
2,4867
9,4868
10,4869
7,4870
7,4871
10,4872
6,4873
10,4874
7,4875
9,4876
2,4877
12,4878
13,4879
2,4880
7,4881
13,4882
8,4883
3,4884
16,4885
13,4886
4,4887
9,4888
9,4889
6,4890
1,4891
7,4892
13,4893
8,4894
12,4895
4,4896
9,4897
15,4898
7,4899
9,4900
10,4901
9,4902
6,4903
16,4904
13,4905
9,4906
10,4907
9,4908
12,4909
10,4910
1,4911
13,4912
13,4913
10,4914
6,4915
9,4916
9,4917
9,4918
12,4919
10,4920
9,4921
4,4922
2,4923
8,4924
7,4925
3,4926
10,4927
10,4928
16,4929
10,4930
9,4931
8,4932
7,4933
5,4934
10,4935
7,4936
8,4937
10,4938
10,4939
10,4940
9,4941
9,4942
16,4943
10,4944
9,4945
8,4946
6,4947
6,4948
10,4949
6,4950
13,4951
10,4952
10,4953
9,4954
7,4955
14,4956
13,4957
2,4958
13,4959
11,4960
9,4961
5,4962
6,4963
12,4964
6,4965
16,4966
6,4967
11,4968
7,4969
11,4970
6,4971
10,4972
10,4973
12,4974
9,4975
2,4976
10,4977
13,4978
10,4979
11,4980
16,4981
12,4982
4,4983
6,4984
10,4985
10,4986
8,4987
16,4988
10,4989
13,4990
9,4991
10,4992
13,4993
10,4994
2,4995
0,4996
14,4997
8,4998
9,4999
10,5000
6,5001
9,5002
11,5003
7,5004
13,5005
14,5006
12,5007
13,5008
9,5009
5,5010
14,5011
7,5012
10,5013
5,5014
7,5015
12,5016
1,5017
9,5018
5,5019
0,5020
9,5021
3,5022
15,5023
5,5024
9,5025
12,5026
1,5027
14,5028
6,5029
16,5030
10,5031
10,5032
6,5033
6,5034
2,5035
13,5036
3,5037
3,5038
10,5039
9,5040
10,5041
12,5042
8,5043
13,5044
6,5045
12,5046
0,5047
7,5048
4,5049
10,5050
16,5051
12,5052
3,5053
2,5054
11,5055
9,5056
9,5057
7,5058
8,5059
14,5060
16,5061
9,5062
10,5063
11,5064
6,5065
10,5066
13,5067
6,5068
10,5069
9,5070
14,5071
0,5072
7,5073
5,5074
10,5075
10,5076
3,5077
6,5078
16,5079
10,5080
2,5081
10,5082
10,5083
16,5084
3,5085
10,5086
13,5087
10,5088
11,5089
10,5090
15,5091
16,5092
9,5093
10,5094
10,5095
2,5096
13,5097
7,5098
6,5099
13,5100
9,5101
10,5102
4,5103
8,5104
8,5105
9,5106
13,5107
12,5108
7,5109
12,5110
9,5111
7,5112
10,5113
12,5114
8,5115
13,5116
2,5117
15,5118
13,5119
10,5120
6,5121
12,5122
6,5123
2,5124
1,5125
10,5126
8,5127
12,5128
9,5129
12,5130
9,5131
2,5132
8,5133
12,5134
12,5135
6,5136
7,5137
10,5138
10,5139
8,5140
12,5141
10,5142
9,5143
9,5144
9,5145
3,5146
0,5147
11,5148
11,5149
13,5150
11,5151
7,5152
12,5153
11,5154
6,5155
12,5156
14,5157
4,5158
12,5159
6,5160
16,5161
13,5162
6,5163
13,5164
14,5165
9,5166
11,5167
13,5168
10,5169
3,5170
10,5171
12,5172
13,5173
11,5174
8,5175
13,5176
7,5177
6,5178
10,5179
10,5180
4,5181
3,5182
6,5183
2,5184
9,5185
10,5186
12,5187
12,5188
2,5189
1,5190
9,5191
3,5192
13,5193
13,5194
11,5195
6,5196
9,5197
10,5198
10,5199
10,5200
10,5201
7,5202
9,5203
14,5204
3,5205
8,5206
12,5207
11,5208
10,5209
8,5210
6,5211
8,5212
11,5213
9,5214
10,5215
10,5216
16,5217
8,5218
7,5219
7,5220
10,5221
8,5222
10,5223
8,5224
10,5225
10,5226
16,5227
9,5228
8,5229
9,5230
6,5231
3,5232
11,5233
11,5234
12,5235
8,5236
7,5237
16,5238
2,5239
3,5240
9,5241
13,5242
10,5243
16,5244
12,5245
12,5246
16,5247
13,5248
10,5249
3,5250
13,5251
10,5252
15,5253
13,5254
8,5255
8,5256
15,5257
15,5258
8,5259
12,5260
13,5261
16,5262
3,5263
11,5264
9,5265
6,5266
14,5267
2,5268
2,5269
7,5270
8,5271
7,5272
16,5273
10,5274
10,5275
10,5276
16,5277
7,5278
6,5279
8,5280
8,5281
8,5282
4,5283
8,5284
8,5285
11,5286
6,5287
9,5288
16,5289
8,5290
4,5291
10,5292
7,5293
11,5294
8,5295
11,5296
16,5297
5,5298
16,5299
10,5300
2,5301
6,5302
5,5303
17,5304
13,5305
12,5306
8,5307
5,5308
8,5309
13,5310
2,5311
6,5312
9,5313
6,5314
12,5315
3,5316
7,5317
10,5318
10,5319
10,5320
10,5321
3,5322
10,5323
6,5324
12,5325
14,5326
8,5327
13,5328
5,5329
5,5330
16,5331
10,5332
10,5333
9,5334
10,5335
12,5336
6,5337
13,5338
13,5339
9,5340
0,5341
4,5342
10,5343
12,5344
9,5345
9,5346
8,5347
12,5348
10,5349
10,5350
5,5351
4,5352
13,5353
13,5354
9,5355
7,5356
10,5357
16,5358
11,5359
13,5360
12,5361
9,5362
13,5363
13,5364
13,5365
9,5366
13,5367
6,5368
10,5369
7,5370
3,5371
10,5372
10,5373
12,5374
10,5375
2,5376
10,5377
13,5378
3,5379
10,5380
12,5381
16,5382
13,5383
8,5384
10,5385
7,5386
12,5387
12,5388
11,5389
11,5390
9,5391
11,5392
6,5393
9,5394
10,5395
10,5396
10,5397
8,5398
6,5399
8,5400
4,5401
13,5402
7,5403
6,5404
14,5405
8,5406
11,5407
9,5408
10,5409
7,5410
10,5411
13,5412
9,5413
10,5414
4,5415
10,5416
10,5417
16,5418
1,5419
10,5420
10,5421
7,5422
11,5423
7,5424
14,5425
10,5426
10,5427
2,5428
2,5429
4,5430
6,5431
3,5432
11,5433
10,5434
10,5435
8,5436
9,5437
9,5438
12,5439
9,5440
10,5441
8,5442
9,5443
2,5444
5,5445
2,5446
15,5447
6,5448
0,5449
11,5450
10,5451
11,5452
10,5453
5,5454
10,5455
15,5456
10,5457
0,5458
6,5459
10,5460
8,5461
10,5462
10,5463
9,5464
10,5465
7,5466
11,5467
5,5468
12,5469
13,5470
6,5471
12,5472
7,5473
10,5474
10,5475
8,5476
6,5477
10,5478
7,5479
10,5480
6,5481
16,5482
3,5483
1,5484
6,5485
12,5486
10,5487
10,5488
12,5489
10,5490
16,5491
10,5492
11,5493
14,5494
10,5495
2,5496
10,5497
6,5498
10,5499
8,5500
9,5501
9,5502
8,5503
8,5504
12,5505
3,5506
7,5507
10,5508
10,5509
15,5510
6,5511
2,5512
14,5513
10,5514
4,5515
10,5516
11,5517
6,5518
12,5519
6,5520
7,5521
13,5522
10,5523
9,5524
12,5525
10,5526
10,5527
8,5528
12,5529
10,5530
6,5531
10,5532
7,5533
9,5534
12,5535
3,5536
8,5537
4,5538
10,5539
12,5540
15,5541
4,5542
13,5543
9,5544
10,5545
9,5546
10,5547
8,5548
7,5549
12,5550
2,5551
7,5552
11,5553
7,5554
4,5555
10,5556
9,5557
10,5558
8,5559
9,5560
9,5561
5,5562
15,5563
11,5564
8,5565
9,5566
9,5567
8,5568
13,5569
7,5570
3,5571
7,5572
12,5573
10,5574
8,5575
9,5576
13,5577
6,5578
10,5579
14,5580
11,5581
10,5582
8,5583
6,5584
11,5585
6,5586
10,5587
11,5588
9,5589
10,5590
9,5591
10,5592
11,5593
3,5594
12,5595
10,5596
17,5597
13,5598
9,5599
6,5600
12,5601
7,5602
11,5603
6,5604
5,5605
15,5606
7,5607
5,5608
10,5609
8,5610
12,5611
10,5612
10,5613
10,5614
8,5615
9,5616
16,5617
11,5618
8,5619
12,5620
3,5621
10,5622
8,5623
0,5624
5,5625
3,5626
12,5627
15,5628
11,5629
10,5630
11,5631
6,5632
11,5633
11,5634
15,5635
10,5636
10,5637
11,5638
6,5639
12,5640
8,5641
13,5642
0,5643
7,5644
5,5645
8,5646
5,5647
10,5648
11,5649
16,5650
10,5651
7,5652
10,5653
12,5654
4,5655
12,5656
10,5657
16,5658
11,5659
12,5660
9,5661
6,5662
8,5663
16,5664
16,5665
10,5666
5,5667
7,5668
12,5669
6,5670
6,5671
10,5672
13,5673
6,5674
12,5675
10,5676
16,5677
5,5678
11,5679
8,5680
10,5681
3,5682
10,5683
12,5684
11,5685
9,5686
8,5687
13,5688
15,5689
7,5690
8,5691
8,5692
13,5693
9,5694
7,5695
5,5696
8,5697
10,5698
12,5699
9,5700
10,5701
9,5702
10,5703
11,5704
9,5705
6,5706
4,5707
9,5708
8,5709
1,5710
8,5711
6,5712
12,5713
13,5714
9,5715
12,5716
13,5717
13,5718
6,5719
9,5720
2,5721
10,5722
10,5723
6,5724
4,5725
12,5726
11,5727
7,5728
11,5729
8,5730
6,5731
1,5732
3,5733
12,5734
9,5735
3,5736
6,5737
11,5738
12,5739
9,5740
10,5741
5,5742
16,5743
8,5744
10,5745
8,5746
3,5747
11,5748
16,5749
0,5750
9,5751
3,5752
10,5753
7,5754
10,5755
16,5756
8,5757
8,5758
11,5759
14,5760
3,5761
8,5762
5,5763
10,5764
13,5765
8,5766
12,5767
5,5768
2,5769
8,5770
2,5771
6,5772
4,5773
10,5774
7,5775
12,5776
7,5777
6,5778
12,5779
16,5780
6,5781
9,5782
16,5783
13,5784
10,5785
7,5786
13,5787
6,5788
12,5789
8,5790
3,5791
7,5792
8,5793
9,5794
5,5795
5,5796
2,5797
7,5798
7,5799
10,5800
2,5801
5,5802
10,5803
16,5804
8,5805
0,5806
3,5807
14,5808
5,5809
8,5810
3,5811
11,5812
3,5813
1,5814
8,5815
10,5816
8,5817
12,5818
10,5819
10,5820
13,5821
10,5822
11,5823
12,5824
15,5825
9,5826
3,5827
8,5828
9,5829
11,5830
6,5831
10,5832
3,5833
5,5834
11,5835
12,5836
14,5837
10,5838
8,5839
10,5840
2,5841
6,5842
1,5843
9,5844
10,5845
8,5846
12,5847
11,5848
4,5849
2,5850
10,5851
3,5852
10,5853
6,5854
11,5855
9,5856
9,5857
6,5858
7,5859
3,5860
10,5861
11,5862
9,5863
9,5864
8,5865
7,5866
8,5867
9,5868
3,5869
7,5870
0,5871
10,5872
10,5873
9,5874
11,5875
8,5876
6,5877
2,5878
10,5879
7,5880
11,5881
10,5882
8,5883
13,5884
14,5885
9,5886
12,5887
10,5888
13,5889
5,5890
12,5891
2,5892
10,5893
12,5894
12,5895
9,5896
10,5897
3,5898
9,5899
6,5900
10,5901
15,5902
10,5903
7,5904
8,5905
8,5906
11,5907
10,5908
10,5909
11,5910
2,5911
13,5912
3,5913
9,5914
3,5915
9,5916
6,5917
17,5918
13,5919
16,5920
13,5921
9,5922
9,5923
3,5924
15,5925
8,5926
13,5927
11,5928
7,5929
6,5930
2,5931
1,5932
8,5933
11,5934
11,5935
12,5936
12,5937
8,5938
9,5939
10,5940
12,5941
7,5942
9,5943
11,5944
7,5945
8,5946
12,5947
10,5948
9,5949
7,5950
2,5951
8,5952
12,5953
13,5954
14,5955
12,5956
7,5957
12,5958
7,5959
13,5960
4,5961
11,5962
6,5963
10,5964
10,5965
0,5966
7,5967
3,5968
3,5969
13,5970
9,5971
11,5972
6,5973
7,5974
16,5975
11,5976
10,5977
4,5978
13,5979
8,5980
6,5981
8,5982
10,5983
8,5984
10,5985
10,5986
13,5987
13,5988
6,5989
6,5990
6,5991
7,5992
13,5993
13,5994
17,5995
7,5996
10,5997
12,5998
0,5999
8,6000
8,6001
6,6002
2,6003
11,6004
9,6005
6,6006
10,6007
10,6008
9,6009
8,6010
7,6011
3,6012
8,6013
10,6014
10,6015
15,6016
8,6017
13,6018
12,6019
11,6020
7,6021
13,6022
8,6023
8,6024
8,6025
9,6026
8,6027
3,6028
3,6029
10,6030
9,6031
12,6032
3,6033
8,6034
7,6035
10,6036
3,6037
7,6038
5,6039
10,6040
7,6041
9,6042
12,6043
13,6044
10,6045
15,6046
16,6047
12,6048
10,6049
6,6050
10,6051
6,6052
2,6053
10,6054
9,6055
8,6056
8,6057
8,6058
6,6059
9,6060
6,6061
10,6062
8,6063
13,6064
15,6065
9,6066
9,6067
11,6068
11,6069
11,6070
9,6071
12,6072
7,6073
9,6074
8,6075
9,6076
9,6077
9,6078
6,6079
8,6080
13,6081
3,6082
3,6083
7,6084
9,6085
8,6086
10,6087
13,6088
9,6089
13,6090
5,6091
11,6092
6,6093
6,6094
8,6095
10,6096
10,6097
6,6098
15,6099
8,6100
9,6101
6,6102
13,6103
9,6104
5,6105
10,6106
8,6107
8,6108
3,6109
8,6110
11,6111
10,6112
3,6113
7,6114
10,6115
11,6116
5,6117
11,6118
6,6119
7,6120
3,6121
10,6122
10,6123
4,6124
10,6125
7,6126
7,6127
14,6128
10,6129
6,6130
8,6131
3,6132
10,6133
0,6134
15,6135
9,6136
11,6137
10,6138
3,6139
13,6140
3,6141
9,6142
7,6143
12,6144
12,6145
16,6146
10,6147
13,6148
10,6149
6,6150
9,6151
12,6152
9,6153
5,6154
9,6155
11,6156
7,6157
5,6158
10,6159
6,6160
3,6161
8,6162
9,6163
15,6164
8,6165
12,6166
13,6167
12,6168
10,6169
10,6170
8,6171
10,6172
1,6173
8,6174
5,6175
3,6176
12,6177
5,6178
7,6179
8,6180
4,6181
7,6182
15,6183
8,6184
2,6185
10,6186
17,6187
13,6188
5,6189
0,6190
16,6191
2,6192
2,6193
15,6194
9,6195
6,6196
13,6197
10,6198
7,6199
8,6200
3,6201
10,6202
12,6203
7,6204
7,6205
7,6206
12,6207
6,6208
10,6209
12,6210
10,6211
0,6212
10,6213
8,6214
10,6215
5,6216
12,6217
8,6218
10,6219
9,6220
11,6221
4,6222
3,6223
15,6224
8,6225
7,6226
13,6227
9,6228
8,6229
8,6230
8,6231
7,6232
11,6233
13,6234
10,6235
1,6236
2,6237
10,6238
10,6239
13,6240
10,6241
11,6242
12,6243
13,6244
5,6245
12,6246
10,6247
7,6248
4,6249
3,6250
7,6251
9,6252
15,6253
9,6254
16,6255
10,6256
7,6257
7,6258
11,6259
0,6260
12,6261
12,6262
13,6263
11,6264
16,6265
15,6266
10,6267
16,6268
7,6269
9,6270
7,6271
12,6272
0,6273
13,6274
2,6275
4,6276
7,6277
8,6278
8,6279
10,6280
8,6281
10,6282
10,6283
9,6284
8,6285
7,6286
8,6287
7,6288
3,6289
9,6290
10,6291
13,6292
8,6293
11,6294
13,6295
11,6296
7,6297
10,6298
13,6299
8,6300
6,6301
9,6302
9,6303
13,6304
11,6305
10,6306
8,6307
9,6308
15,6309
16,6310
5,6311
5,6312
15,6313
10,6314
2,6315
12,6316
10,6317
10,6318
12,6319
8,6320
8,6321
7,6322
7,6323
8,6324
9,6325
5,6326
11,6327
10,6328
1,6329
5,6330
10,6331
16,6332
9,6333
3,6334
0,6335
2,6336
16,6337
2,6338
12,6339
7,6340
12,6341
8,6342
9,6343
11,6344
13,6345
10,6346
2,6347
12,6348
10,6349
13,6350
8,6351
11,6352
10,6353
12,6354
1,6355
6,6356
10,6357
9,6358
13,6359
8,6360
16,6361
5,6362
12,6363
6,6364
10,6365
7,6366
10,6367
11,6368
10,6369
6,6370
12,6371
12,6372
0,6373
10,6374
6,6375
10,6376
7,6377
8,6378
11,6379
8,6380
13,6381
2,6382
13,6383
7,6384
13,6385
5,6386
13,6387
11,6388
13,6389
10,6390
10,6391
8,6392
16,6393
11,6394
12,6395
0,6396
13,6397
1,6398
13,6399
5,6400
6,6401
10,6402
10,6403
3,6404
10,6405
12,6406
6,6407
5,6408
1,6409
7,6410
10,6411
9,6412
6,6413
10,6414
13,6415
6,6416
9,6417
1,6418
13,6419
8,6420
2,6421
7,6422
3,6423
6,6424
16,6425
2,6426
9,6427
11,6428
11,6429
10,6430
3,6431
0,6432
0,6433
10,6434
16,6435
2,6436
8,6437
13,6438
3,6439
10,6440
8,6441
11,6442
7,6443
3,6444
15,6445
6,6446
10,6447
13,6448
8,6449
16,6450
11,6451
7,6452
10,6453
12,6454
10,6455
2,6456
7,6457
6,6458
10,6459
10,6460
10,6461
7,6462
10,6463
9,6464
8,6465
13,6466
11,6467
6,6468
9,6469
12,6470
11,6471
8,6472
6,6473
10,6474
10,6475
10,6476
16,6477
5,6478
13,6479
11,6480
16,6481
8,6482
7,6483
10,6484
13,6485
11,6486
8,6487
15,6488
7,6489
6,6490
11,6491
6,6492
5,6493
4,6494
6,6495
8,6496
1,6497
7,6498
8,6499
10,6500
6,6501
10,6502
9,6503
3,6504
13,6505
11,6506
3,6507
9,6508
7,6509
6,6510
2,6511
9,6512
9,6513
10,6514
3,6515
7,6516
6,6517
13,6518
7,6519
6,6520
9,6521
11,6522
9,6523
9,6524
13,6525
9,6526
5,6527
10,6528
8,6529
10,6530
11,6531
3,6532
12,6533
8,6534
2,6535
14,6536
3,6537
4,6538
9,6539
9,6540
12,6541
12,6542
7,6543
0,6544
3,6545
5,6546
9,6547
8,6548
10,6549
10,6550
9,6551
7,6552
3,6553
10,6554
12,6555
8,6556
12,6557
4,6558
14,6559
3,6560
1,6561
9,6562
7,6563
17,6564
12,6565
5,6566
6,6567
6,6568
0,6569
7,6570
11,6571
8,6572
10,6573
1,6574
12,6575
4,6576
10,6577
10,6578
10,6579
13,6580
5,6581
12,6582
0,6583
8,6584
10,6585
8,6586
10,6587
10,6588
13,6589
10,6590
6,6591
9,6592
6,6593
9,6594
13,6595
10,6596
13,6597
12,6598
12,6599
10,6600
3,6601
9,6602
12,6603
9,6604
7,6605
3,6606
8,6607
11,6608
15,6609
3,6610
11,6611
8,6612
8,6613
15,6614
6,6615
13,6616
10,6617
12,6618
10,6619
10,6620
16,6621
6,6622
2,6623
14,6624
4,6625
15,6626
7,6627
13,6628
10,6629
10,6630
8,6631
11,6632
9,6633
7,6634
10,6635
11,6636
9,6637
12,6638
7,6639
8,6640
9,6641
16,6642
6,6643
12,6644
12,6645
8,6646
10,6647
14,6648
11,6649
3,6650
9,6651
10,6652
10,6653
12,6654
14,6655
7,6656
11,6657
10,6658
9,6659
11,6660
6,6661
5,6662
13,6663
3,6664
3,6665
0,6666
10,6667
1,6668
13,6669
6,6670
10,6671
12,6672
9,6673
11,6674
9,6675
11,6676
8,6677
10,6678
5,6679
13,6680
12,6681
4,6682
9,6683
10,6684
5,6685
4,6686
10,6687
6,6688
5,6689
3,6690
17,6691
9,6692
10,6693
6,6694
7,6695
2,6696
3,6697
12,6698
9,6699
9,6700
12,6701
3,6702
10,6703
10,6704
4,6705
11,6706
10,6707
10,6708
10,6709
9,6710
7,6711
11,6712
13,6713
6,6714
0,6715
12,6716
7,6717
4,6718
10,6719
3,6720
11,6721
12,6722
0,6723
10,6724
10,6725
13,6726
2,6727
6,6728
5,6729
13,6730
6,6731
10,6732
12,6733
12,6734
9,6735
8,6736
0,6737
12,6738
10,6739
14,6740
6,6741
10,6742
9,6743
13,6744
5,6745
9,6746
10,6747
11,6748
10,6749
6,6750
10,6751
9,6752
7,6753
2,6754
10,6755
12,6756
13,6757
13,6758
6,6759
4,6760
15,6761
3,6762
0,6763
13,6764
13,6765
13,6766
14,6767
10,6768
8,6769
5,6770
12,6771
12,6772
10,6773
16,6774
10,6775
2,6776
12,6777
11,6778
12,6779
9,6780
10,6781
12,6782
10,6783
10,6784
11,6785
2,6786
8,6787
14,6788
17,6789
3,6790
2,6791
3,6792
8,6793
10,6794
15,6795
13,6796
9,6797
10,6798
5,6799
13,6800
7,6801
4,6802
3,6803
6,6804
4,6805
8,6806
5,6807
13,6808
10,6809
7,6810
9,6811
1,6812
16,6813
15,6814
8,6815
8,6816
10,6817
8,6818
7,6819
16,6820
11,6821
8,6822
4,6823
8,6824
10,6825
11,6826
1,6827
13,6828
5,6829
10,6830
9,6831
9,6832
10,6833
13,6834
2,6835
9,6836
2,6837
2,6838
10,6839
7,6840
8,6841
11,6842
6,6843
15,6844
16,6845
6,6846
12,6847
7,6848
3,6849
6,6850
10,6851
2,6852
13,6853
3,6854
5,6855
10,6856
8,6857
11,6858
10,6859
7,6860
10,6861
9,6862
7,6863
6,6864
8,6865
11,6866
12,6867
16,6868
13,6869
8,6870
5,6871
7,6872
10,6873
15,6874
3,6875
9,6876
3,6877
10,6878
9,6879
10,6880
7,6881
8,6882
8,6883
6,6884
11,6885
10,6886
10,6887
9,6888
8,6889
8,6890
8,6891
8,6892
16,6893
8,6894
7,6895
10,6896
13,6897
3,6898
10,6899
10,6900
11,6901
16,6902
13,6903
2,6904
8,6905
13,6906
9,6907
2,6908
10,6909
7,6910
8,6911
7,6912
12,6913
7,6914
5,6915
8,6916
8,6917
11,6918
9,6919
9,6920
5,6921
10,6922
3,6923
8,6924
12,6925
6,6926
13,6927
4,6928
2,6929
10,6930
2,6931
2,6932
3,6933
11,6934
10,6935
9,6936
9,6937
11,6938
13,6939
11,6940
3,6941
8,6942
7,6943
9,6944
10,6945
8,6946
5,6947
16,6948
11,6949
14,6950
7,6951
3,6952
10,6953
12,6954
10,6955
9,6956
11,6957
10,6958
11,6959
12,6960
13,6961
16,6962
10,6963
6,6964
13,6965
17,6966
14,6967
2,6968
8,6969
2,6970
9,6971
9,6972
9,6973
8,6974
9,6975
0,6976
9,6977
6,6978
17,6979
10,6980
7,6981
10,6982
8,6983
9,6984
10,6985
14,6986
10,6987
8,6988
2,6989
3,6990
10,6991
10,6992
9,6993
12,6994
7,6995
9,6996
9,6997
7,6998
8,6999
2,7000
13,7001
15,7002
10,7003
18,7004
5,7005
8,7006
13,7007
12,7008
10,7009
13,7010
8,7011
10,7012
10,7013
1,7014
14,7015
13,7016
12,7017
9,7018
8,7019
9,7020
5,7021
13,7022
9,7023
3,7024
5,7025
13,7026
9,7027
0,7028
0,7029
8,7030
10,7031
13,7032
13,7033
12,7034
0,7035
3,7036
10,7037
13,7038
0,7039
12,7040
11,7041
2,7042
7,7043
10,7044
9,7045
13,7046
12,7047
4,7048
3,7049
9,7050
14,7051
10,7052
6,7053
0,7054
8,7055
6,7056
3,7057
4,7058
11,7059
10,7060
9,7061
10,7062
8,7063
5,7064
3,7065
8,7066
9,7067
12,7068
10,7069
12,7070
10,7071
8,7072
10,7073
16,7074
8,7075
8,7076
13,7077
12,7078
3,7079
2,7080
17,7081
12,7082
10,7083
10,7084
11,7085
10,7086
3,7087
10,7088
7,7089
8,7090
12,7091
3,7092
17,7093
6,7094
10,7095
7,7096
8,7097
13,7098
8,7099
0,7100
16,7101
8,7102
4,7103
9,7104
8,7105
12,7106
10,7107
12,7108
10,7109
6,7110
10,7111
10,7112
16,7113
9,7114
6,7115
6,7116
15,7117
10,7118
9,7119
7,7120
0,7121
8,7122
0,7123
8,7124
3,7125
9,7126
6,7127
8,7128
11,7129
0,7130
10,7131
3,7132
7,7133
15,7134
12,7135
11,7136
9,7137
9,7138
3,7139
11,7140
12,7141
8,7142
2,7143
6,7144
7,7145
13,7146
10,7147
10,7148
12,7149
16,7150
7,7151
9,7152
11,7153
0,7154
12,7155
3,7156
12,7157
8,7158
8,7159
9,7160
5,7161
10,7162
6,7163
2,7164
10,7165
6,7166
9,7167
11,7168
9,7169
9,7170
8,7171
8,7172
11,7173
8,7174
10,7175
8,7176
16,7177
11,7178
6,7179
8,7180
8,7181
10,7182
8,7183
11,7184
13,7185
3,7186
6,7187
10,7188
8,7189
8,7190
10,7191
11,7192
12,7193
3,7194
7,7195
2,7196
12,7197
6,7198
7,7199
9,7200
10,7201
12,7202
10,7203
9,7204
12,7205
15,7206
8,7207
7,7208
13,7209
10,7210
13,7211
9,7212
12,7213
7,7214
8,7215
12,7216
12,7217
12,7218
11,7219
17,7220
16,7221
6,7222
16,7223
13,7224
3,7225
12,7226
10,7227
9,7228
13,7229
7,7230
3,7231
6,7232
14,7233
7,7234
10,7235
11,7236
9,7237
10,7238
8,7239
6,7240
8,7241
9,7242
6,7243
11,7244
9,7245
5,7246
12,7247
1,7248
9,7249
9,7250
13,7251
9,7252
3,7253
10,7254
6,7255
15,7256
15,7257
6,7258
2,7259
2,7260
5,7261
7,7262
13,7263
9,7264
7,7265
13,7266
2,7267
2,7268
10,7269
14,7270
11,7271
9,7272
12,7273
15,7274
3,7275
7,7276
10,7277
5,7278
8,7279
8,7280
9,7281
13,7282
7,7283
2,7284
10,7285
13,7286
10,7287
2,7288
6,7289
16,7290
7,7291
13,7292
2,7293
9,7294
16,7295
12,7296
10,7297
7,7298
12,7299
10,7300
3,7301
9,7302
9,7303
13,7304
11,7305
15,7306
2,7307
13,7308
3,7309
1,7310
10,7311
10,7312
13,7313
12,7314
13,7315
12,7316
9,7317
11,7318
8,7319
10,7320
7,7321
10,7322
7,7323
10,7324
13,7325
9,7326
11,7327
9,7328
8,7329
12,7330
10,7331
17,7332
5,7333
0,7334
10,7335
11,7336
12,7337
11,7338
8,7339
16,7340
6,7341
6,7342
11,7343
7,7344
6,7345
9,7346
10,7347
12,7348
10,7349
8,7350
2,7351
10,7352
3,7353
12,7354
10,7355
12,7356
7,7357
14,7358
16,7359
10,7360
3,7361
8,7362
6,7363
10,7364
9,7365
4,7366
9,7367
3,7368
2,7369
13,7370
16,7371
10,7372
10,7373
3,7374
14,7375
9,7376
9,7377
7,7378
10,7379
9,7380
5,7381
6,7382
6,7383
3,7384
6,7385
9,7386
6,7387
14,7388
11,7389
12,7390
8,7391
12,7392
13,7393
3,7394
6,7395
6,7396
6,7397
16,7398
12,7399
10,7400
9,7401
3,7402
12,7403
9,7404
10,7405
9,7406
9,7407
8,7408
10,7409
10,7410
8,7411
14,7412
13,7413
2,7414
9,7415
9,7416
13,7417
2,7418
10,7419
11,7420
5,7421
10,7422
15,7423
8,7424
8,7425
9,7426
10,7427
9,7428
16,7429
6,7430
5,7431
6,7432
10,7433
6,7434
10,7435
10,7436
3,7437
10,7438
10,7439
10,7440
15,7441
10,7442
8,7443
10,7444
6,7445
10,7446
3,7447
6,7448
9,7449
11,7450
2,7451
12,7452
16,7453
11,7454
10,7455
7,7456
0,7457
10,7458
10,7459
6,7460
9,7461
11,7462
8,7463
13,7464
5,7465
8,7466
2,7467
12,7468
6,7469
6,7470
13,7471
3,7472
6,7473
8,7474
8,7475
2,7476
5,7477
11,7478
9,7479
8,7480
13,7481
1,7482
1,7483
13,7484
16,7485
12,7486
12,7487
9,7488
10,7489
5,7490
8,7491
7,7492
16,7493
8,7494
11,7495
4,7496
10,7497
10,7498
16,7499
7,7500
15,7501
1,7502
10,7503
10,7504
9,7505
16,7506
14,7507
9,7508
7,7509
12,7510
11,7511
13,7512
10,7513
7,7514
8,7515
2,7516
0,7517
8,7518
13,7519
13,7520
8,7521
10,7522
13,7523
11,7524
8,7525
10,7526
10,7527
8,7528
8,7529
6,7530
5,7531
14,7532
2,7533
13,7534
8,7535
14,7536
10,7537
9,7538
10,7539
8,7540
6,7541
5,7542
8,7543
10,7544
10,7545
13,7546
10,7547
10,7548
13,7549
10,7550
10,7551
10,7552
9,7553
9,7554
16,7555
10,7556
11,7557
4,7558
1,7559
15,7560
5,7561
9,7562
9,7563
14,7564
6,7565
9,7566
7,7567
2,7568
9,7569
10,7570
7,7571
9,7572
11,7573
13,7574
10,7575
9,7576
10,7577
7,7578
7,7579
7,7580
12,7581
9,7582
15,7583
2,7584
7,7585
4,7586
7,7587
8,7588
8,7589
10,7590
11,7591
9,7592
10,7593
8,7594
7,7595
10,7596
8,7597
13,7598
5,7599
13,7600
16,7601
9,7602
7,7603
7,7604
13,7605
6,7606
10,7607
11,7608
10,7609
6,7610
5,7611
7,7612
8,7613
12,7614
13,7615
11,7616
14,7617
13,7618
13,7619
11,7620
9,7621
10,7622
12,7623
13,7624
15,7625
2,7626
13,7627
12,7628
10,7629
9,7630
12,7631
12,7632
7,7633
8,7634
5,7635
12,7636
6,7637
6,7638
5,7639
8,7640
6,7641
11,7642
8,7643
10,7644
9,7645
9,7646
15,7647
8,7648
7,7649
13,7650
16,7651
10,7652
12,7653
10,7654
16,7655
10,7656
11,7657
8,7658
7,7659
13,7660
8,7661
9,7662
11,7663
9,7664
1,7665
9,7666
6,7667
14,7668
8,7669
7,7670
3,7671
11,7672
10,7673
5,7674
8,7675
8,7676
16,7677
13,7678
6,7679
13,7680
13,7681
11,7682
11,7683
12,7684
8,7685
9,7686
3,7687
14,7688
12,7689
8,7690
6,7691
11,7692
17,7693
0,7694
8,7695
15,7696
10,7697
10,7698
8,7699
2,7700
0,7701
7,7702
13,7703
11,7704
3,7705
10,7706
8,7707
11,7708
9,7709
9,7710
10,7711
7,7712
13,7713
7,7714
7,7715
12,7716
12,7717
10,7718
4,7719
11,7720
8,7721
11,7722
10,7723
10,7724
13,7725
12,7726
16,7727
9,7728
8,7729
7,7730
7,7731
0,7732
12,7733
16,7734
16,7735
9,7736
5,7737
2,7738
7,7739
10,7740
15,7741
1,7742
6,7743
13,7744
9,7745
10,7746
11,7747
4,7748
0,7749
10,7750
16,7751
13,7752
11,7753
8,7754
7,7755
11,7756
13,7757
8,7758
10,7759
11,7760
16,7761
9,7762
8,7763
7,7764
11,7765
10,7766
13,7767
12,7768
8,7769
7,7770
7,7771
12,7772
2,7773
6,7774
10,7775
9,7776
12,7777
12,7778
9,7779
5,7780
6,7781
10,7782
13,7783
3,7784
3,7785
13,7786
8,7787
2,7788
10,7789
11,7790
15,7791
9,7792
11,7793
8,7794
8,7795
7,7796
9,7797
3,7798
2,7799
3,7800
8,7801
16,7802
9,7803
10,7804
10,7805
7,7806
8,7807
10,7808
11,7809
10,7810
5,7811
8,7812
11,7813
6,7814
6,7815
11,7816
10,7817
13,7818
10,7819
10,7820
12,7821
12,7822
15,7823
16,7824
5,7825
10,7826
7,7827
7,7828
10,7829
9,7830
9,7831
10,7832
9,7833
5,7834
8,7835
12,7836
14,7837
12,7838
7,7839
2,7840
13,7841
9,7842
12,7843
5,7844
13,7845
6,7846
16,7847
16,7848
11,7849
10,7850
8,7851
11,7852
11,7853
10,7854
3,7855
15,7856
5,7857
8,7858
13,7859
9,7860
3,7861
13,7862
8,7863
8,7864
8,7865
1,7866
12,7867
3,7868
10,7869
13,7870
5,7871
7,7872
6,7873
6,7874
8,7875
10,7876
11,7877
6,7878
9,7879
9,7880
14,7881
13,7882
11,7883
10,7884
5,7885
13,7886
3,7887
11,7888
8,7889
8,7890
12,7891
12,7892
10,7893
9,7894
9,7895
13,7896
10,7897
14,7898
9,7899
12,7900
9,7901
9,7902
8,7903
3,7904
10,7905
16,7906
16,7907
13,7908
6,7909
12,7910
4,7911
15,7912
16,7913
7,7914
10,7915
8,7916
12,7917
8,7918
5,7919
12,7920
10,7921
3,7922
16,7923
2,7924
13,7925
8,7926
11,7927
11,7928
9,7929
2,7930
12,7931
12,7932
15,7933
13,7934
11,7935
10,7936
11,7937
12,7938
12,7939
8,7940
15,7941
10,7942
3,7943
13,7944
2,7945
2,7946
11,7947
8,7948
11,7949
8,7950
14,7951
12,7952
10,7953
9,7954
10,7955
4,7956
10,7957
7,7958
11,7959
8,7960
7,7961
13,7962
10,7963
12,7964
12,7965
8,7966
4,7967
7,7968
10,7969
15,7970
7,7971
8,7972
8,7973
7,7974
11,7975
10,7976
12,7977
10,7978
16,7979
8,7980
12,7981
10,7982
11,7983
9,7984
11,7985
12,7986
10,7987
13,7988
12,7989
10,7990
6,7991
8,7992
10,7993
10,7994
9,7995
10,7996
2,7997
6,7998
8,7999
9,8000
13,8001
9,8002
14,8003
11,8004
13,8005
10,8006
4,8007
16,8008
8,8009
10,8010
12,8011
16,8012
2,8013
9,8014
4,8015
10,8016
10,8017
3,8018
8,8019
2,8020
13,8021
13,8022
2,8023
8,8024
10,8025
10,8026
3,8027
14,8028
10,8029
9,8030
10,8031
10,8032
11,8033
3,8034
2,8035
8,8036
10,8037
13,8038
5,8039
9,8040
12,8041
8,8042
8,8043
4,8044
12,8045
10,8046
8,8047
12,8048
13,8049
9,8050
5,8051
10,8052
10,8053
8,8054
3,8055
3,8056
12,8057
10,8058
13,8059
6,8060
9,8061
9,8062
8,8063
12,8064
10,8065
13,8066
10,8067
6,8068
9,8069
17,8070
15,8071
12,8072
10,8073
11,8074
10,8075
10,8076
13,8077
12,8078
9,8079
10,8080
8,8081
16,8082
12,8083
13,8084
10,8085
5,8086
13,8087
11,8088
11,8089
8,8090
9,8091
6,8092
8,8093
16,8094
16,8095
0,8096
13,8097
6,8098
7,8099
8,8100
9,8101
3,8102
8,8103
9,8104
16,8105
10,8106
10,8107
7,8108
7,8109
5,8110
3,8111
8,8112
10,8113
10,8114
7,8115
10,8116
8,8117
17,8118
10,8119
5,8120
11,8121
12,8122
7,8123
10,8124
10,8125
3,8126
11,8127
10,8128
7,8129
16,8130
9,8131
6,8132
9,8133
2,8134
12,8135
2,8136
9,8137
8,8138
16,8139
10,8140
11,8141
12,8142
3,8143
12,8144
12,8145
10,8146
2,8147
10,8148
5,8149
13,8150
10,8151
8,8152
0,8153
10,8154
10,8155
8,8156
6,8157
10,8158
10,8159
12,8160
9,8161
18,8162
12,8163
7,8164
10,8165
5,8166
11,8167
16,8168
11,8169
11,8170
0,8171
7,8172
1,8173
6,8174
8,8175
5,8176
6,8177
8,8178
9,8179
9,8180
10,8181
5,8182
11,8183
0,8184
10,8185
11,8186
13,8187
3,8188
11,8189
10,8190
4,8191
10,8192
15,8193
7,8194
12,8195
3,8196
9,8197
7,8198
10,8199
10,8200
5,8201
6,8202
6,8203
8,8204
10,8205
13,8206
0,8207
8,8208
6,8209
10,8210
7,8211
9,8212
6,8213
10,8214
8,8215
0,8216
10,8217
8,8218
8,8219
12,8220
8,8221
9,8222
2,8223
10,8224
16,8225
12,8226
8,8227
9,8228
15,8229
7,8230
8,8231
14,8232
10,8233
2,8234
11,8235
12,8236
10,8237
2,8238
13,8239
10,8240
12,8241
8,8242
8,8243
8,8244
8,8245
10,8246
6,8247
8,8248
9,8249
2,8250
12,8251
8,8252
11,8253
8,8254
3,8255
16,8256
6,8257
6,8258
2,8259
9,8260
8,8261
12,8262
12,8263
10,8264
11,8265
6,8266
14,8267
10,8268
9,8269
13,8270
9,8271
10,8272
4,8273
2,8274
13,8275
7,8276
12,8277
0,8278
11,8279
11,8280
1,8281
16,8282
16,8283
9,8284
7,8285
3,8286
12,8287
12,8288
8,8289
10,8290
6,8291
12,8292
3,8293
0,8294
2,8295
9,8296
10,8297
5,8298
9,8299
10,8300
6,8301
6,8302
9,8303
12,8304
1,8305
15,8306
8,8307
8,8308
13,8309
13,8310
9,8311
10,8312
5,8313
4,8314
10,8315
12,8316
11,8317
13,8318
6,8319
9,8320
15,8321
11,8322
8,8323
8,8324
15,8325
2,8326
11,8327
2,8328
6,8329
3,8330
9,8331
9,8332
10,8333
5,8334
8,8335
8,8336
3,8337
8,8338
10,8339
7,8340
11,8341
7,8342
12,8343
6,8344
9,8345
9,8346
8,8347
3,8348
10,8349
8,8350
7,8351
4,8352
8,8353
8,8354
12,8355
7,8356
7,8357
8,8358
7,8359
4,8360
8,8361
11,8362
9,8363
11,8364
10,8365
12,8366
9,8367
12,8368
5,8369
3,8370
3,8371
7,8372
12,8373
11,8374
9,8375
12,8376
9,8377
14,8378
9,8379
4,8380
10,8381
7,8382
0,8383
13,8384
8,8385
7,8386
13,8387
11,8388
2,8389
12,8390
11,8391
10,8392
6,8393
6,8394
6,8395
11,8396
10,8397
10,8398
11,8399
10,8400
12,8401
10,8402
10,8403
10,8404
6,8405
5,8406
11,8407
18,8408
11,8409
10,8410
6,8411
13,8412
7,8413
11,8414
7,8415
7,8416
10,8417
6,8418
8,8419
7,8420
15,8421
6,8422
12,8423
8,8424
7,8425
13,8426
8,8427
13,8428
16,8429
6,8430
10,8431
10,8432
8,8433
3,8434
9,8435
9,8436
8,8437
1,8438
13,8439
13,8440
10,8441
1,8442
12,8443
8,8444
10,8445
9,8446
10,8447
7,8448
14,8449
10,8450
9,8451
12,8452
7,8453
9,8454
4,8455
6,8456
9,8457
16,8458
1,8459
6,8460
7,8461
8,8462
13,8463
10,8464
1,8465
10,8466
1,8467
12,8468
12,8469
10,8470
12,8471
14,8472
0,8473
9,8474
10,8475
16,8476
10,8477
10,8478
6,8479
3,8480
8,8481
8,8482
9,8483
3,8484
2,8485
6,8486
10,8487
8,8488
1,8489
10,8490
8,8491
16,8492
13,8493
8,8494
9,8495
11,8496
6,8497
18,8498
7,8499
7,8500
0,8501
13,8502
6,8503
1,8504
5,8505
16,8506
10,8507
3,8508
13,8509
3,8510
3,8511
10,8512
10,8513
8,8514
13,8515
7,8516
10,8517
10,8518
11,8519
9,8520
10,8521
8,8522
3,8523
6,8524
9,8525
10,8526
13,8527
9,8528
10,8529
11,8530
10,8531
10,8532
12,8533
2,8534
13,8535
6,8536
11,8537
12,8538
2,8539
9,8540
10,8541
7,8542
9,8543
12,8544
13,8545
8,8546
5,8547
7,8548
7,8549
5,8550
12,8551
6,8552
8,8553
7,8554
8,8555
3,8556
9,8557
3,8558
16,8559
10,8560
0,8561
9,8562
10,8563
8,8564
11,8565
11,8566
16,8567
13,8568
7,8569
10,8570
12,8571
16,8572
10,8573
9,8574
3,8575
11,8576
13,8577
8,8578
10,8579
9,8580
6,8581
12,8582
10,8583
7,8584
10,8585
7,8586
5,8587
12,8588
9,8589
5,8590
4,8591
10,8592
13,8593
2,8594
12,8595
7,8596
11,8597
12,8598
3,8599
8,8600
10,8601
17,8602
11,8603
17,8604
15,8605
7,8606
7,8607
9,8608
12,8609
12,8610
16,8611
8,8612
8,8613
10,8614
3,8615
9,8616
10,8617
10,8618
10,8619
0,8620
13,8621
12,8622
10,8623
11,8624
3,8625
3,8626
6,8627
12,8628
10,8629
11,8630
13,8631
6,8632
9,8633
13,8634
13,8635
8,8636
10,8637
3,8638
9,8639
10,8640
9,8641
9,8642
11,8643
13,8644
6,8645
9,8646
5,8647
8,8648
8,8649
6,8650
5,8651
6,8652
13,8653
6,8654
6,8655
8,8656
10,8657
3,8658
12,8659
10,8660
6,8661
2,8662
7,8663
6,8664
14,8665
10,8666
4,8667
15,8668
9,8669
8,8670
9,8671
10,8672
10,8673
9,8674
5,8675
4,8676
8,8677
6,8678
5,8679
11,8680
7,8681
10,8682
7,8683
10,8684
12,8685
9,8686
12,8687
10,8688
7,8689
10,8690
13,8691
5,8692
10,8693
9,8694
10,8695
10,8696
4,8697
10,8698
12,8699
3,8700
7,8701
9,8702
9,8703
4,8704
10,8705
9,8706
9,8707
10,8708
3,8709
11,8710
6,8711
11,8712
5,8713
0,8714
8,8715
10,8716
16,8717
3,8718
10,8719
2,8720
7,8721
12,8722
10,8723
13,8724
14,8725
7,8726
15,8727
9,8728
16,8729
6,8730
6,8731
10,8732
10,8733
2,8734
3,8735
11,8736
13,8737
3,8738
12,8739
8,8740
12,8741
0,8742
8,8743
2,8744
8,8745
10,8746
12,8747
6,8748
8,8749
4,8750
13,8751
12,8752
10,8753
11,8754
7,8755
2,8756
8,8757
4,8758
6,8759
6,8760
12,8761
3,8762
4,8763
13,8764
10,8765
16,8766
8,8767
13,8768
10,8769
11,8770
10,8771
9,8772
5,8773
8,8774
12,8775
8,8776
8,8777
6,8778
3,8779
7,8780
13,8781
2,8782
11,8783
9,8784
10,8785
8,8786
10,8787
16,8788
13,8789
9,8790
5,8791
11,8792
11,8793
5,8794
7,8795
8,8796
15,8797
10,8798
11,8799
9,8800
2,8801
7,8802
11,8803
11,8804
11,8805
12,8806
10,8807
13,8808
8,8809
6,8810
10,8811
6,8812
8,8813
13,8814
7,8815
14,8816
11,8817
4,8818
10,8819
13,8820
14,8821
8,8822
8,8823
12,8824
10,8825
8,8826
10,8827
6,8828
10,8829
12,8830
8,8831
5,8832
13,8833
7,8834
9,8835
10,8836
10,8837
2,8838
8,8839
10,8840
10,8841
9,8842
3,8843
7,8844
4,8845
3,8846
16,8847
12,8848
12,8849
9,8850
11,8851
8,8852
11,8853
12,8854
10,8855
6,8856
12,8857
7,8858
1,8859
7,8860
8,8861
7,8862
12,8863
10,8864
9,8865
12,8866
0,8867
3,8868
10,8869
13,8870
16,8871
6,8872
11,8873
6,8874
3,8875
12,8876
1,8877
13,8878
10,8879
5,8880
0,8881
12,8882
7,8883
5,8884
6,8885
0,8886
9,8887
14,8888
1,8889
10,8890
16,8891
9,8892
10,8893
11,8894
15,8895
10,8896
10,8897
11,8898
12,8899
6,8900
6,8901
10,8902
7,8903
3,8904
9,8905
11,8906
11,8907
14,8908
4,8909
12,8910
9,8911
11,8912
13,8913
12,8914
10,8915
11,8916
2,8917
15,8918
16,8919
6,8920
5,8921
6,8922
7,8923
9,8924
10,8925
9,8926
6,8927
5,8928
10,8929
5,8930
10,8931
12,8932
16,8933
7,8934
10,8935
14,8936
5,8937
2,8938
3,8939
10,8940
10,8941
10,8942
11,8943
8,8944
2,8945
9,8946
8,8947
10,8948
14,8949
9,8950
8,8951
12,8952
6,8953
10,8954
12,8955
13,8956
0,8957
12,8958
13,8959
12,8960
8,8961
10,8962
11,8963
3,8964
11,8965
16,8966
13,8967
13,8968
3,8969
16,8970
10,8971
6,8972
14,8973
2,8974
8,8975
10,8976
1,8977
10,8978
10,8979
8,8980
13,8981
13,8982
10,8983
9,8984
13,8985
7,8986
11,8987
13,8988
9,8989
13,8990
4,8991
15,8992
9,8993
16,8994
8,8995
11,8996
10,8997
15,8998
8,8999
3,9000
10,9001
7,9002
11,9003
7,9004
12,9005
10,9006
5,9007
9,9008
13,9009
13,9010
10,9011
16,9012
15,9013
11,9014
3,9015
8,9016
6,9017
5,9018
7,9019
16,9020
8,9021
14,9022
5,9023
10,9024
11,9025
8,9026
9,9027
13,9028
9,9029
13,9030
16,9031
6,9032
5,9033
12,9034
12,9035
5,9036
9,9037
7,9038
13,9039
10,9040
9,9041
11,9042
8,9043
10,9044
14,9045
3,9046
10,9047
9,9048
6,9049
10,9050
5,9051
10,9052
16,9053
10,9054
14,9055
10,9056
11,9057
4,9058
8,9059
5,9060
5,9061
7,9062
10,9063
13,9064
12,9065
12,9066
11,9067
6,9068
8,9069
7,9070
11,9071
13,9072
2,9073
13,9074
1,9075
5,9076
10,9077
11,9078
10,9079
6,9080
16,9081
8,9082
8,9083
2,9084
10,9085
7,9086
6,9087
7,9088
7,9089
12,9090
2,9091
16,9092
8,9093
1,9094
4,9095
11,9096
16,9097
3,9098
8,9099
7,9100
12,9101
10,9102
12,9103
11,9104
12,9105
12,9106
13,9107
5,9108
11,9109
10,9110
4,9111
3,9112
7,9113
6,9114
9,9115
8,9116
3,9117
13,9118
2,9119
5,9120
8,9121
10,9122
7,9123
16,9124
8,9125
13,9126
15,9127
6,9128
2,9129
3,9130
8,9131
8,9132
16,9133
7,9134
8,9135
15,9136
10,9137
3,9138
5,9139
8,9140
5,9141
8,9142
13,9143
16,9144
8,9145
10,9146
7,9147
4,9148
12,9149
8,9150
3,9151
11,9152
16,9153
3,9154
16,9155
12,9156
8,9157
13,9158
3,9159
4,9160
6,9161
10,9162
16,9163
8,9164
10,9165
11,9166
13,9167
10,9168
2,9169
12,9170
13,9171
5,9172
8,9173
13,9174
2,9175
6,9176
7,9177
10,9178
6,9179
10,9180
6,9181
10,9182
3,9183
11,9184
6,9185
6,9186
16,9187
3,9188
11,9189
10,9190
11,9191
12,9192
8,9193
8,9194
12,9195
13,9196
10,9197
5,9198
10,9199
11,9200
11,9201
8,9202
12,9203
8,9204
10,9205
11,9206
10,9207
16,9208
13,9209
13,9210
14,9211
8,9212
13,9213
10,9214
13,9215
10,9216
12,9217
8,9218
2,9219
13,9220
8,9221
10,9222
13,9223
9,9224
12,9225
5,9226
4,9227
7,9228
6,9229
6,9230
4,9231
11,9232
16,9233
10,9234
8,9235
5,9236
3,9237
12,9238
15,9239
10,9240
8,9241
12,9242
10,9243
7,9244
6,9245
7,9246
11,9247
10,9248
10,9249
5,9250
2,9251
6,9252
7,9253
4,9254
13,9255
10,9256
12,9257
10,9258
7,9259
8,9260
8,9261
12,9262
7,9263
13,9264
8,9265
8,9266
9,9267
12,9268
5,9269
11,9270
9,9271
10,9272
1,9273
8,9274
12,9275
11,9276
13,9277
11,9278
6,9279
12,9280
11,9281
9,9282
12,9283
2,9284
8,9285
6,9286
14,9287
9,9288
10,9289
14,9290
10,9291
10,9292
11,9293
5,9294
2,9295
14,9296
10,9297
12,9298
10,9299
8,9300
4,9301
8,9302
8,9303
10,9304
5,9305
2,9306
9,9307
0,9308
2,9309
1,9310
10,9311
6,9312
6,9313
8,9314
11,9315
12,9316
13,9317
10,9318
6,9319
12,9320
7,9321
4,9322
8,9323
12,9324
10,9325
10,9326
10,9327
9,9328
8,9329
12,9330
4,9331
10,9332
5,9333
13,9334
6,9335
2,9336
15,9337
11,9338
10,9339
10,9340
8,9341
13,9342
9,9343
15,9344
9,9345
7,9346
13,9347
14,9348
8,9349
12,9350
7,9351
13,9352
6,9353
9,9354
15,9355
6,9356
8,9357
14,9358
8,9359
12,9360
10,9361
9,9362
6,9363
2,9364
15,9365
5,9366
7,9367
8,9368
7,9369
10,9370
9,9371
3,9372
10,9373
10,9374
12,9375
13,9376
3,9377
9,9378
7,9379
6,9380
8,9381
12,9382
10,9383
7,9384
10,9385
6,9386
10,9387
13,9388
15,9389
10,9390
11,9391
6,9392
6,9393
9,9394
9,9395
10,9396
10,9397
12,9398
13,9399
10,9400
10,9401
11,9402
10,9403
10,9404
3,9405
16,9406
13,9407
11,9408
5,9409
2,9410
1,9411
11,9412
10,9413
11,9414
8,9415
16,9416
12,9417
9,9418
11,9419
0,9420
11,9421
9,9422
7,9423
13,9424
13,9425
3,9426
11,9427
10,9428
14,9429
16,9430
9,9431
2,9432
10,9433
9,9434
7,9435
9,9436
16,9437
11,9438
3,9439
8,9440
15,9441
8,9442
11,9443
9,9444
2,9445
11,9446
6,9447
2,9448
8,9449
8,9450
14,9451
10,9452
10,9453
11,9454
10,9455
13,9456
1,9457
6,9458
4,9459
6,9460
13,9461
7,9462
9,9463
11,9464
16,9465
9,9466
11,9467
10,9468
9,9469
10,9470
12,9471
12,9472
8,9473
8,9474
10,9475
6,9476
9,9477
9,9478
8,9479
7,9480
6,9481
3,9482
2,9483
9,9484
16,9485
10,9486
6,9487
13,9488
2,9489
10,9490
10,9491
3,9492
7,9493
0,9494
12,9495
7,9496
12,9497
10,9498
6,9499
3,9500
8,9501
10,9502
12,9503
13,9504
5,9505
9,9506
3,9507
12,9508
9,9509
13,9510
3,9511
14,9512
11,9513
1,9514
9,9515
5,9516
3,9517
12,9518
9,9519
10,9520
5,9521
2,9522
10,9523
12,9524
9,9525
10,9526
2,9527
9,9528
3,9529
6,9530
7,9531
9,9532
7,9533
8,9534
16,9535
11,9536
9,9537
11,9538
16,9539
13,9540
13,9541
0,9542
13,9543
10,9544
9,9545
10,9546
1,9547
10,9548
7,9549
10,9550
10,9551
4,9552
10,9553
8,9554
8,9555
10,9556
11,9557
11,9558
2,9559
12,9560
10,9561
8,9562
12,9563
3,9564
13,9565
7,9566
12,9567
10,9568
10,9569
8,9570
11,9571
17,9572
10,9573
7,9574
12,9575
8,9576
15,9577
8,9578
12,9579
10,9580
10,9581
13,9582
11,9583
10,9584
13,9585
10,9586
15,9587
10,9588
13,9589
16,9590
2,9591
8,9592
3,9593
10,9594
9,9595
8,9596
11,9597
7,9598
8,9599
11,9600
8,9601
0,9602
9,9603
7,9604
10,9605
7,9606
0,9607
10,9608
8,9609
14,9610
10,9611
7,9612
13,9613
3,9614
6,9615
10,9616
7,9617
3,9618
0,9619
9,9620
3,9621
13,9622
10,9623
2,9624
3,9625
12,9626
11,9627
8,9628
8,9629
10,9630
7,9631
10,9632
11,9633
2,9634
10,9635
6,9636
14,9637
7,9638
9,9639
16,9640
12,9641
3,9642
12,9643
5,9644
12,9645
6,9646
4,9647
6,9648
8,9649
0,9650
6,9651
12,9652
5,9653
9,9654
8,9655
9,9656
5,9657
7,9658
8,9659
12,9660
10,9661
9,9662
13,9663
10,9664
11,9665
11,9666
12,9667
8,9668
3,9669
16,9670
13,9671
7,9672
13,9673
11,9674
10,9675
9,9676
11,9677
17,9678
3,9679
12,9680
8,9681
9,9682
9,9683
6,9684
8,9685
10,9686
11,9687
10,9688
11,9689
3,9690
3,9691
3,9692
10,9693
16,9694
13,9695
6,9696
3,9697
2,9698
13,9699
9,9700
9,9701
4,9702
15,9703
2,9704
11,9705
10,9706
6,9707
7,9708
15,9709
3,9710
9,9711
10,9712
10,9713
16,9714
8,9715
10,9716
3,9717
8,9718
12,9719
10,9720
12,9721
14,9722
6,9723
8,9724
6,9725
12,9726
5,9727
13,9728
16,9729
4,9730
6,9731
10,9732
8,9733
10,9734
8,9735
7,9736
15,9737
11,9738
12,9739
6,9740
7,9741
2,9742
3,9743
5,9744
16,9745
10,9746
0,9747
10,9748
10,9749
3,9750
9,9751
12,9752
6,9753
10,9754
15,9755
10,9756
10,9757
9,9758
3,9759
16,9760
7,9761
8,9762
9,9763
3,9764
2,9765
16,9766
15,9767
10,9768
13,9769
7,9770
11,9771
6,9772
13,9773
5,9774
4,9775
9,9776
5,9777
16,9778
10,9779
12,9780
8,9781
9,9782
16,9783
1,9784
12,9785
10,9786
10,9787
16,9788
12,9789
5,9790
12,9791
9,9792
9,9793
7,9794
8,9795
7,9796
6,9797
13,9798
13,9799
2,9800
11,9801
5,9802
11,9803
12,9804
3,9805
10,9806
7,9807
10,9808
11,9809
0,9810
16,9811
13,9812
2,9813
11,9814
10,9815
5,9816
13,9817
8,9818
10,9819
2,9820
6,9821
3,9822
0,9823
6,9824
10,9825
9,9826
6,9827
10,9828
12,9829
11,9830
6,9831
5,9832
9,9833
12,9834
7,9835
6,9836
10,9837
10,9838
12,9839
7,9840
7,9841
11,9842
9,9843
4,9844
12,9845
10,9846
10,9847
6,9848
8,9849
12,9850
6,9851
6,9852
5,9853
10,9854
11,9855
7,9856
0,9857
8,9858
10,9859
12,9860
4,9861
2,9862
8,9863
14,9864
8,9865
9,9866
14,9867
12,9868
12,9869
6,9870
1,9871
6,9872
12,9873
13,9874
10,9875
3,9876
9,9877
6,9878
2,9879
9,9880
3,9881
3,9882
9,9883
10,9884
8,9885
9,9886
13,9887
6,9888
8,9889
10,9890
10,9891
13,9892
7,9893
13,9894
10,9895
10,9896
13,9897
9,9898
10,9899
11,9900
8,9901
15,9902
11,9903
6,9904
10,9905
11,9906
12,9907
7,9908
6,9909
3,9910
10,9911
9,9912
10,9913
13,9914
8,9915
11,9916
9,9917
7,9918
10,9919
7,9920
10,9921
6,9922
11,9923
10,9924
3,9925
10,9926
11,9927
10,9928
16,9929
9,9930
8,9931
10,9932
5,9933
14,9934
13,9935
10,9936
12,9937
10,9938
8,9939
12,9940
10,9941
6,9942
9,9943
6,9944
11,9945
13,9946
10,9947
7,9948
7,9949
9,9950
11,9951
11,9952
8,9953
10,9954
8,9955
6,9956
11,9957
13,9958
9,9959
13,9960
5,9961
8,9962
12,9963
12,9964
10,9965
10,9966
7,9967
6,9968
10,9969
13,9970
6,9971
9,9972
10,9973
12,9974
4,9975
12,9976
7,9977
6,9978
11,9979
3,9980
9,9981
10,9982
4,9983
11,9984
12,9985
9,9986
6,9987
16,9988
6,9989
8,9990
0,9991
16,9992
3,9993
8,9994
10,9995
16,9996
9,9997
7,9998
6,9999
